RecordedDate,ResponseId,age,sex,country,city,country_raw
2023-05-09 22:41:53,R_BK7n6lvbtdnxDGN,22-26,Female,Philippines,Naga,Philippines
2023-05-09 23:06:39,R_eM3EDIimNs2YGMV,22-26,Female,Philippines,Quezon City,Philippines
2023-05-09 23:07:17,R_2ahLacxIsXsjli9,43-49,Female,Philippines,Naga Cith,Philippines
2023-05-10 01:22:05,R_DkjsPDt35SKPXON,22-26,Female,Tonga,Nuku’alofa,Tonga
2023-05-10 01:39:18,R_3kb1LK54jdZmBNC,43-49,Male,Philippines,Naga city,Philippines
2023-05-10 01:40:06,R_3lYpx46diNNGmpc,18-21,Female,United States,Utah,United States
2023-05-10 01:40:13,R_1CDgF65wzBqbh77,27-31,Male,Samoa,Apia,Samoa
2023-05-10 01:45:51,R_2dlIBBNRTKmx25B,22-26,Female,Tonga,Haapai,Tonga
2023-05-10 01:48:37,R_2rpjyaElPrvdkg6,22-26,Female,French Polynesia,Marquesas Islands,French Polynesia
2023-05-10 01:53:30,R_3ewASV1NcSe39d6,22-26,Female,Tonga,Haapai,Tonga
2023-05-10 02:04:36,R_1QFpBxKjYqXznri,27-31,Female,Mongolia,Ulaanbaatar,Mongolia
2023-05-10 02:39:44,R_2wyNm3FdtZbgk9a,18-21,Female,United States,Laie Hawaii,United States
2023-05-10 02:46:03,R_1OJPnN3q6etzuvb,22-26,Female,Tonga,Haapai,Kingdom of Tonga
2023-05-10 02:50:07,R_20NAB8dbA8vjvGL,18-21,Female,United States,Indiana,United States
2023-05-10 02:56:51,R_3kb3SUdNFlsFf58,22-26,Male,Fiji,Suva,Fiji
2023-05-10 03:08:09,R_uraSQJjkxEKc5jj,22-26,Female,Tonga,Haakame,Tonga
2023-05-10 03:12:33,R_0dFHI9nlzIlBPUZ,22-26,Female,Tonga,Tongatapu,Tonga
2023-05-10 03:28:56,R_1hydE2wgY0Q6Nxf,18-21,Male,United States,"Hauula, Hawaii",USA
2023-05-10 03:31:45,R_0eQTWozqzwybS0x,37-42,Female,Philippines,"Naga City, Camarines Sur",Philippines
2023-05-10 10:55:16,R_2uPOVecfz7JuSGF,27-31,Male,Papua New Guinea,Port Morgan,Papua New Guinea
2023-05-10 11:48:52,R_3EmLsEHyNwn4BFW,27-31,Female,French Polynesia,Mataiea,French Polynesia
2023-05-10 12:03:27,R_XMRKZTfTf6XRPSp,22-26,Male,United States,Draper Utah,United states
2023-05-10 12:27:55,R_1mI2HyDlbsuyVHI,22-26,Female,French Polynesia,Pirae,"French Polynesia, Tahiti"
2023-05-10 12:45:48,R_eRrPxXKFdFAFpex,22-26,Female,French Polynesia,French Polynesia,Tahiti
2023-05-10 13:22:55,R_3KBzvKr24HRWIRh,22-26,Female,French Polynesia,Tahiti,French Polynesia
2023-05-10 13:35:25,R_29tchBGV131zLfP,27-31,Male,Papua New Guinea,Port Moresby,Papua New Guinea
2023-05-10 14:18:26,R_1H15kX0VKWzXwzO,27-31,Male,French Polynesia,Mahina,Tahiti
2023-05-10 14:44:21,R_3G6umIftRStkFob,18-21,Female,New Zealand,Bay Of islands,New Zealand
2023-05-10 15:01:06,R_sNZCqOXxXgGa1Vv,37-42,Female,New Zealand,Haruru,New Zealand
2023-05-10 15:04:46,R_3k4X2l9iLWKQaex,22-26,Male,New Zealand,Hawkes Bay,New Zealand
2023-05-10 15:13:05,R_3CI19fx3gLguhSa,59-64,Female,New Zealand,Paihia,New Zealand
2023-05-10 15:46:02,R_25z0ZDzvfWjqMwG,22-26,Female,French Polynesia,French Polynesia,Tahiti
2023-05-10 16:00:53,R_3q7Q4fF381TniLD,22-26,Female,Indonesia,Bogor,Indonesia
2023-05-10 16:03:41,R_2PnC08mcbrrnUP4,22-26,Male,United States,Florida,USA
2023-05-10 16:14:09,R_2YadiXi6BcWSjfO,18-21,Female,United States,Missouri,United States
2023-05-10 16:46:27,R_1rAmy5mrFkWo7A5,22-26,Female,United States,"Atlanta, GA",United States
2023-05-10 16:56:00,R_27a6NKcYZQ1SaBm,27-31,Female,Cambodia,Phnom Penh,Cambodia
2023-05-10 17:09:39,R_YRLMT5mtIhvubF7,22-26,Female,French Polynesia,papeete,tahiti
2023-05-10 17:20:41,R_1242Gb1Itkvpy7O,22-26,Male,Japan,Fukui,Japan
2023-05-10 17:35:43,R_cILeQSVCPkioanD,22-26,Female,French Polynesia,Tahiti,French Polynesia
2023-05-10 17:54:22,R_3sca5CjwlD0wJKk,22-26,Female,New Zealand,Auckland,New Zealand
2023-05-10 18:10:29,R_3NyqUeeqrf70FUY,22-26,Female,French Polynesia,Faa'a,Tahiti
2023-05-10 18:20:44,R_2YsLxZkRnRa8QMK,27-31,Male,Indonesia,Jakarta,Indonesia
2023-05-10 18:47:52,R_278zS22mBtLlnmM,22-26,Female,United Kingdom,Aberdeen,Scotland
2023-05-10 20:44:53,R_1OrT5rX7S3MhWLQ,22-26,Female,Indonesia,Surakarta,Indonesia
2023-05-10 23:19:52,R_2RU41XvJypF8SGE,22-26,Female,Fiji,Suva,Fiji
2023-05-10 23:44:57,R_27gpUFBJd7GDGyV,18-21,Female,United States,Utah,USA
2023-05-10 23:48:07,R_erf75RYbttpKVXj,18-21,Male,United States,Utah,Usa
2023-05-11 00:01:35,R_3G2HZVamsM1tTS2,22-26,Female,Fiji,Lautoka,Fiji
2023-05-11 00:25:51,R_1q8lxbie5mVHVkG,22-26,Female,Philippines,Gensan City,Philippines
2023-05-11 00:35:08,R_NXX5f8KARx8tc2t,22-26,Female,Indonesia,Jakarta,Indonesia
2023-05-11 00:52:32,R_vTdjwIXAPUrkJ45,32-36,Female,Fiji,Menlo Park,Fiji
2023-05-11 00:58:11,R_11ZzvUUDtaJGDDt,22-26,Female,Philippines,General Santos City,Philippines
2023-05-11 01:10:36,R_2X0a14IN4XhEaIg,22-26,Female,Philippines,General Santos City,Philippines
2023-05-11 01:13:58,R_1QsVHT8sebm0Xrc,22-26,Male,Japan,Saitama,Japan
2023-05-11 01:18:03,R_2c5gTYUvEZrj9OJ,22-26,Male,Japan,Saitama,Japan
2023-05-11 01:24:22,R_2dWPGK1OOac1SDq,22-26,Female,Japan,Tokyo,Japan
2023-05-11 02:06:44,R_2E6PQNawLeV8da9,22-26,Female,China,JiangXi,China
2023-05-11 02:07:37,R_3oYnhNKjicbyB3f,27-31,Male,Mongolia,Ulaanbaatr,Mongolia
2023-05-11 02:14:07,R_3NBSXcbaqK1ZgvT,22-26,Male,Thailand,Bangkok,Thailand
2023-05-11 02:15:32,R_DCQscPkZ2FIAR0J,18-21,Female,Tonga,Nuku'alofa,Tonga
2023-05-11 02:20:59,R_3EL810VH7w0AZ2U,22-26,Female,China,Harbin,China
2023-05-11 02:22:00,R_3qmbMuMsKrDhppc,27-31,Female,Mongolia,Ulaanbaatar,Mongolia
2023-05-11 02:35:36,R_2q4514DEtzOqJ4t,22-26,Female,Papua New Guinea,Madang,Papua New Guinea
2023-05-11 02:43:49,R_ALKYfQmm0GgC7MR,27-31,Male,Mongolia,ub,mongolia
2023-05-11 02:52:45,R_2dYEPeTwmTpgpPE,18-21,Female,United States,North Las Vegas,United States
2023-05-11 02:55:19,R_27fhqLpSheRsDyN,22-26,Female,Mongolia,ulaanbatar,mongolia
2023-05-11 03:18:17,R_2ROZjmkxHwX5yAY,43-49,Female,Japan,Tokyo,Japan
2023-05-11 05:18:06,R_10ZQcanxAeeDGCg,22-26,Female,Tonga,Nuku'alofa,Tonga
2023-05-11 05:44:33,R_cMddaRngjSp7KPn,22-26,Female,Fiji,Suva,Fiji
2023-05-11 06:41:45,R_1LdGGTGxBGD8P6X,43-49,Female,United States,Utah,United States
2023-05-11 07:09:03,R_2X6bDjS71MRlNY3,43-49,Male,United States,Utah,United States
2023-05-11 07:43:33,R_2eR8KSOarNWBl4p,18-21,Male,Japan,Saitama,Japan
2023-05-11 10:15:24,R_3pnd2xXD9m63lEN,22-26,Male,Indonesia,Malang,Indonesia
2023-05-11 12:21:14,R_2zYcnDyoQg0XPhh,22-26,Male,Fiji,Suva,Fiji
2023-05-11 13:05:39,R_3fOD6NmX2c1ATMC,22-26,Female,United States,Queensland,Australia
2023-05-11 13:35:28,R_31z2mtF3mDTyTlZ,22-26,Female,United States,California,United States
2023-05-11 14:07:33,R_1rom2Lno9uhfBej,43-49,Female,Tonga,Nuku'alofa,Tonga
2023-05-11 14:58:54,R_rfNHxzdh5ekGKo9,18-21,Female,United States,Washington,United States
2023-05-11 15:43:10,R_vxfHyaLVLbaSsWR,22-26,Female,Kiribati,South-Tarawa,Kiribati
2023-05-11 15:48:43,R_1rNggtGuDivqmWv,27-31,Male,United States,Hawaii,Us
2023-05-11 15:50:43,R_324wZjFHoIBgNC0,37-42,Male,Japan,TOKYO,Japan
2023-05-11 16:00:17,R_3HYOj2mt1RNQKCq,22-26,Female,Philippines,Cebu City,Philippines
2023-05-11 16:23:13,R_2rwReX7FfB9dk82,22-26,Female,Philippines,Tuguegarao City,Philippines
2023-05-11 16:30:42,R_AgS3DkqEqMCzLFf,22-26,Female,Philippines,Cebu City,Philippines
2023-05-11 16:35:24,R_1g6XinYma227Aen,22-26,Male,Philippines,Cavite,Philippines
2023-05-11 16:39:09,R_WDusaFYOmS92cp3,22-26,Female,Philippines,Bacolod,Philippines
2023-05-11 16:41:37,R_3iUs24H5L8IpZwm,18-21,Female,Mongolia,ulaanbaatar,mongolia
2023-05-11 16:43:14,R_2B8v1eE48HNE1D3,22-26,Female,United States,Hawaii,USA
2023-05-11 16:49:28,R_3erwG2xhfLD6MX5,32-36,Female,Fiji,Suva,Fiji
2023-05-11 17:18:26,R_3n03sPIti0MQ0xf,50-58,Male,United States,"Roseville, CA",USA
2023-05-11 17:25:05,R_1ruGr6dOgtp8EZl,22-26,Male,Philippines,Bacolod,Philippines
2023-05-11 17:51:50,R_sO0ySylGQiDJ4nn,22-26,Male,Mongolia,Ulaanbaatar,Mongolia
2023-05-11 19:14:40,R_pQSUhl3NXGSs9k5,22-26,Male,Tonga,Tonga,Tonga
2023-05-11 19:23:49,R_1hA81B33Ww2chzN,22-26,Female,United States,California,United States of America
2023-05-11 19:32:59,R_27J1dXqDi3h51m9,22-26,Female,Papua New Guinea,"Port Moresby, Papua New Guinea",Papua New Guinea
2023-05-11 20:12:05,R_1eY2bETdIbI8086,22-26,Male,Philippines,General Santos City,Philippines
2023-05-11 20:21:52,R_Diafoia5S071Z0B,22-26,Male,Philippines,Manila,Philipphines
2023-05-11 20:43:53,R_1Do4BhZOsITGlRn,22-26,Female,Kiribati,Tarawa,Kiribati
2023-05-11 21:49:43,R_xt06ZARXLJZBjgd,22-26,Male,Philippines,Pasig City,Philippines
2023-05-11 22:33:55,R_2QLeL0mXTqRmIEP,22-26,Male,Samoa,Apia,Samoa
2023-05-11 22:45:32,R_TbIq6LujHwY67iV,18-21,Female,Japan,Kannonnji,Japan
2023-05-11 22:45:46,R_RzDH4hf8zO959XH,22-26,Male,United Kingdom,London,England
2023-05-11 22:48:36,R_264q9zBQdoxDTNU,18-21,Female,Fiji,Lautoka,Fiji
2023-05-11 22:50:12,R_3Kx28lGLSB9VDck,22-26,Male,New Zealand,auckland,new zealand
2023-05-11 22:50:30,R_1mz2SyR60HWkYGZ,22-26,Female,Samoa,Apia,Samoa
2023-05-11 22:54:04,R_bmx1qQIlQtQN9nP,22-26,Female,New Zealand,Hamilton,New Zealand
2023-05-11 22:57:41,R_5pPXbpUcys0NMSR,27-31,Male,Utah,Orem,Utah
2023-05-11 23:00:18,R_AhZ6dsmUJTfIRIl,27-31,Male,Tonga,Tongatapu,Tonga
2023-05-11 23:02:48,R_0H8TSs6sYyyBvhL,18-21,Male,Fiji,Suva,Fiji
2023-05-11 23:03:50,R_2qE6A9mDiE9IGSK,22-26,Female,Philippines,Malaybalay,Philippines
2023-05-11 23:04:44,R_73QKvj4LOShJLwt,18-21,Male,United States,California,America
2023-05-11 23:09:20,R_bp9pgWYlItbNqtb,22-26,Male,United States,Georgia,United States of America
2023-05-11 23:13:41,R_vwCQNMMxhREVa6d,22-26,Male,Tonga,Fo'ui,Tonga
2023-05-11 23:52:42,R_Z9LiFDGNkVqBGBb,32-36,Female,Indonesia,Central Java,Indonesia
2023-05-12 00:01:01,R_2tDtM9YmiTGhaW5,18-21,Female,Thailand,Nonthaburi,Thailand
2023-05-12 00:20:14,R_3QSQWPiuW1ySxpY,18-21,Female,United States,California,USA
2023-05-12 00:23:08,R_29lU2GDQsoM82kn,22-26,Female,Philippines,Taguig,Philippines
2023-05-12 00:29:34,R_3CBYtaDLWqNK5Q6,18-21,Female,Japan,Chiba,Jaoan
2023-05-12 00:51:53,R_1exuNpRKQXxctiY,22-26,Female,Indonesia,Yogyakarta,Indonesia
2023-05-12 01:01:41,R_3lYqfMtooxJh0P4,18-21,Female,United States,"Sandy, Utah",USA
2023-05-12 01:02:57,R_2ByrCoakKDMqxgw,22-26,Female,Philippines,Tacloban,Philippines
2023-05-12 01:07:39,R_3kFdx3zGLpTJyVk,22-26,Female,Indonesia,Surakarta,Indonesia
2023-05-12 01:10:33,R_2fD8qmR1X7m9t8C,18-21,Female,United States,Utah,USA
2023-05-12 01:41:10,R_UMXVbtPmJn2Xlv3,18-21,Male,United States,Arizona,Usa
2023-05-12 01:55:09,R_1llVAWTF9t12xHt,22-26,Male,Samoa,Tafuna,Samoa
2023-05-12 02:03:50,R_Wl2j2MgzTB52WvT,22-26,Female,Philippines,Ballesteros,Philippines
2023-05-12 02:09:03,R_1BxTJb0onLVj0Yx,22-26,Male,Kiribati,Tarawa,Kiribati
2023-05-12 02:09:46,R_3O02IN5BuYSPNgK,27-31,Male,Philippines,Pasuquin,Philippines
2023-05-12 02:12:34,R_3GfTbnBQbZSWE0l,22-26,Female,Japan,Okinawa,Japan
2023-05-12 02:18:48,R_1mLtSyfVw4lDh7S,22-26,Female,Kiribati,Tarawa,Kiribati
2023-05-12 02:34:08,R_b1TDvfNBiEqR1qV,27-31,Female,Kiribati,Tarawa,Kiribati
2023-05-12 02:35:28,R_3hbSuXKb5MSuiS2,27-31,Male,Kiribati,Tarawa,Kiribati
2023-05-12 02:37:46,R_1Lb94Yk61boibSY,22-26,Female,Philippines,Hinunangan,Philippines
2023-05-12 02:39:12,R_3mfXc18RIA7BeB7,22-26,Female,United States,Fort Worth Texas,USA
2023-05-12 02:39:40,R_2WHyIS78yy6HOsh,22-26,Female,Indonesia,Cikarang,Indonesia
2023-05-12 02:45:40,R_1Cw0ig8VRCkOkWU,22-26,Male,Philippines,Laie,Philippines
2023-05-12 02:52:05,R_2dK17J1d9nzd35M,22-26,Male,Philippines,Pasuquin,Philippines
2023-05-12 03:08:58,R_24zQLDs4DpmzEDo,27-31,Male,Indonesia,Seko,Indonesia
2023-05-12 03:10:42,R_vvKhS3hKfl7yVFL,22-26,Female,Kiribati,Butaritari,Kiribati
2023-05-12 03:25:13,R_UVARrdNDeWl7rC9,22-26,Female,Kiribati,Tarawa,Kiribati
2023-05-12 03:39:10,R_2ay7OaqXSyzWe3F,22-26,Female,Tonga,Nuku’alofa,Tonga
2023-05-12 03:39:50,R_0k9p12MC1VEqOwF,18-21,Male,Mongolia,Ulaanbaatar,Mongolia
2023-05-12 03:41:46,R_1illd2Tsvl9D0cd,22-26,Female,Kiribati,Tarawa,Kiribati
2023-05-12 03:42:40,R_3fK2kHxgtRXqc2w,22-26,Female,United States,Arizona,USA
2023-05-12 03:48:04,R_RQPjneLLuNAhEpX,27-31,Female,Philippines,Quezon City,Philippines
2023-05-12 03:52:43,R_PM7SEO0C7bLU081,18-21,Female,Philippines,Hawaii,Philippines
2023-05-12 04:03:49,R_VVh6qNqnoPJfpDP,18-21,Male,Japan,Okinawa,Japan
2023-05-12 04:07:28,R_2RU2t3m760iisw8,18-21,Female,Tonga,Haapai,Tonga
2023-05-12 04:09:04,R_sAnMMFSssqRPVO9,18-21,Female,Philippines,Cavite,Philippines
2023-05-12 04:17:03,R_sS7qsaMAqieR9Rf,18-21,Female,Philippines,Tuguegarao,Philippines
2023-05-12 04:30:26,R_3oUhH80WD5UHMUU,22-26,Female,India New Delhi,New Delhi,India New Delhi
2023-05-12 04:40:02,R_BzEaUcyq1suEBHz,22-26,Female,Kiribati,Tarawa,Kiribati
2023-05-12 05:18:54,R_ub0dN1LRAjEjFjX,18-21,Female,Philippines,Nueva Ecija,Philippines
2023-05-12 05:20:36,R_2f9zPRC3dVMlNgA,18-21,Female,Philippines,Malaybalay,Philippines
2023-05-12 05:27:52,R_vH12iz0smSha4Jb,43-49,Male,Philippines,Bulacan,Philippines
2023-05-12 05:30:19,R_2w5mYu7UsYTF9Yp,18-21,Male,Philippines,Bulacan,PHILIPPINES
2023-05-12 05:31:18,R_QbPNksSY6ZxD6I9,18-21,Female,Philippines,Philippines,Philippines
2023-05-12 05:31:26,R_1f9pNYthbPtIiSZ,37-42,Male,Philippines,Cavite city,Philippines
2023-05-12 05:35:24,R_1r0vTDoICW9ZM6n,43-49,Female,Philippines,Cavite,Philippines
2023-05-12 06:06:43,R_20VvQGtNsIaWU67,27-31,Female,Philippines,Quezon City,Philippines
2023-05-12 07:31:10,R_3QJGY4953wRK7cn,50-58,Male,United States,Utah,United States of America
2023-05-12 07:59:23,R_2tlr5GvC1NPRg5C,18-21,Female,United States,Utah,United States
2023-05-12 10:22:24,R_3svvolYejHRIulA,27-31,Female,United States,California,USA
2023-05-12 11:13:33,R_3dFi6e21Ja6PgpW,22-26,Female,Philippines,Hawaii,Philippines
2023-05-12 11:42:46,R_1n3C0YBajIIqca4,22-26,Male,Philippines,"Palawan, Puerto Prinsesa City",Philippines
2023-05-12 11:54:50,R_3qORQFLFELTWhH3,59-64,Female,United States,Oregon,USA
2023-05-12 12:07:51,R_yOp2SdhCk1T4hRT,27-31,Male,Philippines,Gamu,Philippines
2023-05-12 12:09:41,R_2OYZK2cpwqKF6xI,22-26,Male,Philippines,Pasig City,Philippines
2023-05-12 12:13:01,R_31tvQmkK8YGKkFs,27-31,Female,Philippines,Muntinlupa,Philippines
2023-05-12 12:57:54,R_307OTgQKvRLiSxn,50-58,Female,United States,California,United State
2023-05-12 13:05:42,R_3qyyoLoPnxTIwQB,22-26,Female,Japan,Toyama,Japan
2023-05-12 13:14:08,R_Z8CMFrYe03jNRe1,50-58,Female,United States,Utah,USA
2023-05-12 13:26:09,R_xt3b5ySTyo2ROhz,27-31,Male,United States,Utah,USA
2023-05-12 13:37:03,R_3n2ya5SIzZtqZLV,22-26,Female,Japan,Miyagi,Japan
2023-05-12 13:38:45,R_Zs3gv9gaRNduX2p,22-26,Female,Philippines,Iligan,Philippines
2023-05-12 13:40:54,R_3iX1HoMVhEutP3e,22-26,Male,United States,Utah,United States
2023-05-12 13:47:58,R_3nqoGVFXc4JeNRg,22-26,Male,Philippines,Manila,Philippines
2023-05-12 14:07:28,R_2fJXocyCO28nsMb,22-26,Male,Philippines,Davao City,Philippines
2023-05-12 14:08:27,R_2AFqvwlzQLUJRu8,22-26,Female,United States,Utah,USA
2023-05-12 14:43:09,R_2c5dJu6iswrv5SO,18-21,Female,United States,Oakland,U.S.A
2023-05-12 14:52:28,R_1F3M6DEMcdJA7dr,18-21,Female,Philippines,Lubao,Philippines
2023-05-12 15:24:00,R_OvYR38mG9qd8GlP,22-26,Male,Philippines,Valenzuela,Philippines
2023-05-12 16:00:07,R_1FtWa4971xNseCw,18-21,Female,United States,Oregon,USA
2023-05-12 16:58:32,R_3qjnhilLK2uAibA,18-21,Female,United States,Oregon,United States
2023-05-12 17:17:45,R_4ONuqR9WeKesDK1,22-26,Female,Kiribati,Tarawa,Kiribati
2023-05-12 17:25:24,R_2eb9XZYu7lLNSXT,18-21,Male,Hong Kong,Hong Kong,Hong Kong
2023-05-12 17:33:05,R_2wnMWZpi5Cmdin2,22-26,Female,Taiwan,Changhua,Taiwan
2023-05-12 17:53:59,R_2AHG2UbDJem1BXC,32-36,Male,Japan,Tokyo,Japan
2023-05-12 18:14:33,R_3nlrqcjG1zgzUWs,22-26,Female,South Korea,Gwangju,South Korea
2023-05-12 18:20:12,R_1Flk0Y0RVqFVtBT,18-21,Male,Japan,Sapporo,Japan
2023-05-12 18:24:41,R_3M04cFzlLgwViVg,22-26,Female,Canada,Alberta,Canada
2023-05-12 18:57:50,R_VX7TI1MSQ2CsL6h,22-26,Female,Hong Kong,Hong Kong,Hong Kong
2023-05-12 19:01:43,R_3Pq79yqFrO6lTSo,18-21,Female,United States,Hawaii,United States
2023-05-12 19:09:20,R_bJzPRdDTZ3uvrQR,18-21,Female,Tonga,Nuku'alofa,Tonga
2023-05-12 19:20:37,R_23dd7Tz0nRxFhm6,22-26,Male,United States,Melbourne,Australia
2023-05-12 19:35:19,R_2XgqCTebjBL4WuA,22-26,Female,Japan,Kanagawa,Japan
2023-05-12 19:49:49,R_1DTsP2rvDLxhJp5,22-26,Female,New Zealand,Hamilton,New Zealand
2023-05-12 19:59:51,R_2OIQxCKwqvt3Lwl,22-26,Female,Vietnam,Saigon,Vietnam
2023-05-12 20:01:09,R_yyYe69rpw99Vhxn,22-26,Female,Tonga,Nuku'alofa,Tonga
2023-05-12 20:26:47,R_2dmtlWg5nUUdxZC,22-26,Male,Tonga,Tonga,Tonga
2023-05-12 20:28:23,R_eQ0o9CDPtwPovMR,27-31,Male,Philippines,Allen,Philippines
2023-05-12 20:31:28,R_2aRLlyDqNwJpqKl,22-26,Male,Philippines,Urdaneta,Philippines
2023-05-12 20:48:00,R_ZyF4BHeWbfegpk5,22-26,Female,Taiwan,New Taipei City,Taiwan
2023-05-12 21:40:54,R_1N8r7p5jdRQHRpf,22-26,Male,United States,Utah,United States
2023-05-12 22:04:34,R_25LQb2j5WcybrRJ,22-26,Female,Philippines,Davao City,Philippines
2023-05-12 22:08:18,R_1pniMyvf5ifKRBv,18-21,Female,New Zealand,Tūrangi,New Zealand
2023-05-12 22:47:12,R_1mCrDpxRQxJc0jZ,22-26,Male,United States,Valencia,United States
2023-05-12 23:02:44,R_9EkJSiPH0k7dL33,22-26,Male,Samoa,Aleisa,Samoa
2023-05-12 23:15:22,R_2CHYCMdKeR7zmRM,22-26,Male,Philippines,Davao,Philippines
2023-05-12 23:21:18,R_6X6fV09nuvbnpJv,18-21,Female,United States,Washington,United States
2023-05-12 23:47:03,R_21BvV09uA2BfLN9,27-31,Male,Hawaii,Laie,Hawaii
2023-05-12 23:52:12,R_1GvpQjzTipCgmo1,22-26,Male,Philippines,Quezon,Philippines
2023-05-12 23:58:38,R_296oeIf4Ukmjpy9,50-58,Female,United States,CA,USA
2023-05-13 00:14:53,R_vULPk1Fde3aHO7v,22-26,Female,Philippines,MANILA,PHILIPPINES
2023-05-13 00:40:14,R_1Cg4nZL0ya9yMQz,22-26,Female,Philippines,Caloocan city,Philippines
2023-05-13 00:49:00,R_9Ak8fHKfnzgejrX,22-26,Male,New Zealand,Gold COast,New Zealand
2023-05-13 01:29:05,R_10I58xcdtjUUtVY,22-26,Male,United States,Gold Coast,Australia
2023-05-13 01:37:35,R_2e29mhOpfOUU2F1,27-31,Male,New Zealand,Hastings,Aotearoa
2023-05-13 01:51:33,R_szI0dgEScFN3ji1,22-26,Female,Japan,Hyogo,Japan
2023-05-13 01:58:54,R_2e89UeRm1912cT5,22-26,Male,New Zealand,Auckland,New Zealand
2023-05-13 02:12:19,R_25Fts30asBviaFz,22-26,Male,Philippines,Isabela,Philippines
2023-05-13 02:21:16,R_bHp3gjd0tQBcKxr,18-21,Female,Philippines,Lucena,Philippines
2023-05-13 02:36:50,R_1F4x1O78lGcnbTN,27-31,Male,Tonga,Nuku'alofa,Tonga
2023-05-13 02:43:52,R_3oFkOZfDDemPBcB,22-26,Male,Philippines,alicia,philippines
2023-05-13 02:44:03,R_UQnsQbiGpXNWVuV,22-26,Female,Samoa,Apia,Samoa
2023-05-13 02:45:18,R_3m2iAeHOkvvCSxP,22-26,Female,Taiwan,New Taipei City,Taiwan
2023-05-13 02:51:47,R_3GB6VGYaask6OYS,32-36,Female,Hawaii,Oahu,Hawaii
2023-05-13 02:53:57,R_3sgnl4VWlJimaf7,18-21,Male,South Korea,Seoul,Korea
2023-05-13 02:57:27,R_2EsgdTilEoVaN7C,22-26,Male,Taiwan,Taipei,Taiwan
2023-05-13 02:58:27,R_3ewStwANcNvk3or,27-31,Female,Tonga,Nuku'alofa,Tonga
2023-05-13 02:59:23,R_10BKVjqYL53RGfV,22-26,Female,Philippines,Santiago City,Philippines
2023-05-13 03:00:54,R_2YzwkjMtEnUI3PK,37-42,Female,Philippines,Alicia,Philippines
2023-05-13 03:02:18,R_28Vb0FOKu0lq27u,18-21,Male,Japan,Japan,Japan
2023-05-13 03:03:31,R_2YyomL0OUM4f2Hq,22-26,Female,Taiwan,New Taipei City,Taiwan
2023-05-13 03:04:09,R_6PEKlCDiqxqvKMx,22-26,Female,Philippines,Santiago City,Philippines
2023-05-13 03:04:22,R_2CBN2s4ITmyJFxb,37-42,Female,Philippines,Alicia,Philippines
2023-05-13 03:07:20,R_1dv1Cr0npfaNoc4,22-26,Female,Tonga,Tongatapu,Tonga
2023-05-13 03:08:01,R_STwbke4umqIwQYF,22-26,Female,Philippines,Alicia,Philippines
2023-05-13 03:09:24,R_3oFurF79B60o9mN,22-26,Female,Philippines,Tarlac,PH
2023-05-13 03:11:02,R_bwQ9LGsegLdrDs5,22-26,Female,Philippines,Laguna,Philippines
2023-05-13 03:12:37,R_Xoc5AIYvMhiXomB,22-26,Male,Philippines,Isabela,Philippines
2023-05-13 03:19:22,R_28S8cRS3T2nXtmd,22-26,Female,Philippines,manila,philippines
2023-05-13 03:22:46,R_3irRBdQi1pfe9kI,43-49,Female,Philippines,Alicia,Philippine
2023-05-13 03:26:52,R_cNiaK1lePrAut1v,22-26,Male,Philippines,Antipolo City,Philippines
2023-05-13 03:29:13,R_24c54Oi3SGoegOo,50-58,Female,Philippines,Cebu,Philippines
2023-05-13 03:32:45,R_31SJdThZHjl2btj,27-31,Female,Cook Islands,Hawaii,Cook Islands
2023-05-13 03:33:33,R_6S94Dwz9TgGILKx,18-21,Male,United States,Oklahoma,USA
2023-05-13 03:39:42,R_33sruzLGX24l00j,22-26,Male,Philippines,Negros Occidental,Philippines
2023-05-13 03:48:33,R_3rNg8VEV5Y6HsOK,22-26,Female,Philippines,Bohol,Philippines
2023-05-13 03:57:20,R_3O9tzjupugpEIPY,22-26,Female,Philippines,Cagayan,Philippines
2023-05-13 03:59:46,R_9sfzVMGWk9BMbDP,22-26,Male,United States,California,United States
2023-05-13 05:48:45,R_YStWq4Le4JbUrQJ,22-26,Male,Japan,Kobe,Japan
2023-05-13 10:53:35,R_2alyRMXOEsvldus,32-36,Female,United States,Oregon,United States
2023-05-13 15:58:50,R_3jUOQ14XoptwwKd,27-31,Female,United States,Utah,USA
2023-05-13 20:56:29,R_WjGSEVyiT54X185,22-26,Female,United States,California,United States
2023-05-13 23:41:05,R_1Ol5Zn3xkLl71Ip,22-26,Male,United States,hawaii,United States
2023-05-13 23:54:45,R_3CDS72qzXEWoBLK,22-26,Male,Malaysia,Perak state,Malaysia
2023-05-14 00:11:57,R_2SiViNdPs86S50V,27-31,Female,Malaysia,Penang,Malaysia
2023-05-14 00:14:20,R_1GF0zj0ncr7W5b3,22-26,Male,Malaysia,Kuala Lumpur,Malaysia
2023-05-14 00:22:11,R_1rlI7mF1leBwELr,27-31,Female,Malaysia,bintulu,Malaysia
2023-05-14 00:25:03,R_D91GvnH2zoZ9ggp,22-26,Female,Malaysia,Sarawak,Malaysia
2023-05-14 01:04:46,R_3R7XmvtlkKhw3TC,18-21,Female,United States,Utah,United States
2023-05-14 01:11:13,R_3MnW49qAthR6MWL,37-42,Female,United States,Utah,United States
2023-05-14 01:11:15,R_D7hOWVGPubZP56x,18-21,Male,United States,Colorado,U.S
2023-05-14 01:15:51,R_9T5BWDnSYck86EV,27-31,Female,United States,Utah,United States
2023-05-14 01:21:28,R_2E5Im0zathK3U0W,27-31,Female,United States,Utah,United States
2023-05-14 02:44:39,R_1gb6hm3WVx2mdW8,18-21,Male,United States,Utah,United States
2023-05-14 02:48:40,R_vwbbgngZMLeNiGl,18-21,Male,Pakistan,Lahore,Pakistan
2023-05-14 02:51:45,R_30epf0xYgAEW39s,22-26,Male,Malaysia,Kuala Lumpur,Malaysia
2023-05-14 02:54:47,R_yVJhdKnbZ23nEJ3,43-49,Male,United States,Idaho,United States
2023-05-14 02:56:19,R_2q4caeK2M9Vo4Ml,22-26,Female,French Polynesia,Bora Bora,Tahiti
2023-05-14 02:59:56,R_xirJDyDZwkG0OBz,27-31,Female,Samoa,Fale Lili,Samoa
2023-05-14 03:33:23,R_33kXWjx5cKC72hc,22-26,Female,Philippines,Negros Occidental,Philippines
2023-05-14 03:44:19,R_33vhpHKl1T4JjvF,22-26,Female,Philippines,Banga,Philippines
2023-05-14 16:45:28,R_32IXqtO61ym42kb,18-21,Female,Pakistan,Punjab,Pakistan
2023-05-14 16:48:00,R_YWuCMOYzXh1paAV,22-26,Male,India,Delhi,India
2023-05-14 22:46:34,R_2dnZiDVPl6Vm3Sa,22-26,Male,India,New Delhi,India
2023-05-15 14:37:21,R_3et2kNscW33H56T,22-26,Male,New Zealand,Hastings,NZ
2023-05-15 14:43:54,R_2D5otS7ORZzehwh,22-26,Male,New Zealand,Hastings,New Zealand
2023-05-15 14:44:29,R_2XnXDt98a19RWXJ,18-21,Female,New Zealand,Hastings,New Zealand
2023-05-15 15:43:29,R_2fB3t5d3BxF3psZ,22-26,Female,Tonga,Vava’u,Tonga
2023-05-15 16:10:35,R_2UcjHWbK46Wp4Jt,22-26,Male,United States,"Glendale, California",United States
2023-05-15 20:36:24,R_2do28AgTsDkWbbZ,22-26,Female,French Polynesia,Maraea,Tahiti
2023-05-15 20:37:05,R_2ciKIQpvymCRgkQ,18-21,Female,United States,Utah,United States
2023-05-16 01:04:42,R_6hSsvnpFicwzW93,22-26,Female,Philippines,Taguig,Philippines
2023-05-16 01:13:18,R_2QzmYn5KHx6ZwTE,22-26,Female,Utah,Highland,Utah
2023-05-16 01:20:06,R_11ZzntSsdQi96Y3,50-58,Female,Philippines,Cebu,Philippines
2023-05-16 01:46:46,R_3oSEydtJsSNaMEP,22-26,Male,Indonesia,Surabaya,Indonesia
2023-05-16 02:54:50,R_2zACCfHwrdeaUSj,22-26,Female,Indonesia,Jakarta,Indonesia
2023-05-16 05:02:46,R_1CKgegYchAgRmto,22-26,Female,Philippines,Legazpi,Philippines
2023-05-16 16:14:43,R_SNU1gRxc6xqcabf,22-26,Male,Philippines,Gumaca,Philippines
2023-05-16 16:15:13,R_WCNbMRjQBn703DP,22-26,Female,Philippines,Ramon,Philippines
2023-05-16 17:04:23,R_3QWBBlIVj2laG9Y,22-26,Male,Philippines,Rizal,Philippines
2023-05-16 21:21:17,R_1eRcMbAd0elu6bE,43-49,Female,Canada,Cardston,Canada
2023-05-16 22:14:24,R_1pxtdf1ISAQZmPx,18-21,Male,Pakistan,Japan,Pakistan
2023-05-16 23:07:59,R_3imL0YsoRMBU7Uq,22-26,Male,Philippines,Malabon,Philippines
2023-05-17 00:22:43,R_1obzH7HOga7qYor,22-26,Male,Philippines,"San Pedro City, Laguna",Philippines
2023-05-17 03:29:53,R_1qgQLQ90JdSK4No,22-26,Female,Philippines,Manila,Philippines
2023-05-17 11:42:45,R_3fT7RmyymnP7zV7,22-26,Female,French Polynesia,Tahiti/Pirae,French Polynesia
2023-05-17 12:08:47,R_ve2BhJbxNXYclyN,18-21,Female,French Polynesia,Punaauia,Tahiti
2023-05-17 12:34:44,R_1gkA4OuIRHJSrID,22-26,Male,French Polynesia,Pirae,Tahiti
2023-05-17 12:39:57,R_2OVnolN0HdYsznS,22-26,Female,French Polynesia,Faa’a,Tahiti
2023-05-17 13:25:32,R_2rABL9cPbF9lJ63,22-26,Female,French Polynesia,French polynesia,Tahiti
2023-05-17 13:46:35,R_2xxXPBuuQs0Ub2K,18-21,Female,French Polynesia,Arue,Tahiti
2023-05-17 14:30:39,R_3p2MFEIv7dh7SdN,18-21,Female,French Polynesia,Mahaena,Tahiti
2023-05-17 17:45:14,R_1psBYv5oj8RrlaH,22-26,Male,United States,"Laie, Hawaii",United States
2023-05-17 17:59:54,R_1IiQtKXnW5lHFA3,18-21,Female,French Polynesia,Papeete,French Polynesia
2023-05-17 18:10:54,R_3qW3gSCgp3Bll19,22-26,Female,French Polynesia,"Tahiti, Paea",French Polynesia
2023-05-17 18:15:59,R_3Ho7epPf9ESpmZo,22-26,Female,French Polynesia,Tahiti,French Polynesia
2023-05-18 01:30:49,R_2rrbujZ73DvtURd,22-26,Male,United States,California,USA
2023-05-18 02:06:45,R_1K8tmUAeERsZSqG,43-49,Female,Tonga,"Hauula,HI",Tonga
2023-05-18 02:14:29,R_22z6mGDpUmV3KrA,27-31,Female,Mongolia,Selenge Province,Mongolia
2023-05-18 02:27:14,R_CjcwOr91WVT0xvH,32-36,Female,Mongolia,Ulaanbaatar,Mongolia
2023-05-18 03:42:03,R_1LBcybBwEkaEtdc,22-26,Female,Philippines,,Ph
2023-05-18 07:53:49,R_1qXu5N5LjyUMC9i,22-26,Female,Tonga,Nuku’alofa,Tonga
2023-05-18 08:01:09,R_126d3eckZV40FGR,22-26,Male,United States,"Corning, CA",US of A baby!
2023-05-18 11:14:47,R_2CKtS3h8sICFnAI,18-21,Female,United States,Utah,United State
2023-05-18 11:19:05,R_3DtGLS8PfHfUXwk,22-26,Female,United States,Ohio,Usa
2023-05-18 17:07:26,R_22xXhYh4VZCpI55,59-64,Female,United States,CA,US
2023-05-18 17:18:25,R_1FmQzWkbrZjpQ6N,22-26,Female,Mongolia,Ulaanbaatar,Mongolia
2023-05-18 17:55:44,R_enRSgcR02UGSEqB,22-26,Female,Kiribati,Tarawa,Kiribati
2023-05-18 22:36:06,R_1j7yd5iDwyqr6Cp,22-26,Female,United States,"Virginia Beach, Virginia",USA
2023-05-19 00:07:57,R_3CQ2Dci4kCgozbi,22-26,Female,United States,fort worth texas,united states
2023-05-19 03:13:12,R_3J4O6Ndq68v1oYB,18-21,Female,Kiribati,Tarawa,Kiribati
2023-05-19 03:48:03,R_3g0B74e7YwS7RZ2,27-31,Female,Kiribati,Tarawa,kiribati
2023-05-19 03:49:46,R_7a2ow094xEgdRIJ,22-26,Male,Kiribati,Tarawa,Tarawa
2023-05-19 12:04:00,R_3g5RB9tSvzlpVij,22-26,Male,Philippines,Bacolod,Philippines
2023-05-19 14:36:35,R_6A68aUN3OEHDgIx,18-21,Female,Japan,Shizuoka,Japan
2023-05-19 16:15:16,R_Tp8rKQJxa6YSegp,18-21,Female,Japan,Chiba,Japan
2023-05-19 16:33:19,R_1fZ1FTSUpM5fNxM,22-26,Male,United States,Texas,USA
2023-05-19 16:41:26,R_3rI1Hpphg9RUpYd,18-21,Female,United States,Hawaii,USA
2023-05-19 17:27:36,R_eaBYOpyaOKW1P9L,22-26,Female,Kiribati,Tarawa,Kiribati
2023-05-19 17:59:21,R_3Ofz5FY2U3sPucA,18-21,Female,United States,"San Jose, California",USA
2023-05-19 19:23:06,R_3KPF0znnOU5rxUr,22-26,Female,United States,Hawaii,USA
2023-05-19 20:10:51,R_OGYTOtZso2RYMvf,22-26,Male,Fiji,Laie,Fiji
2023-05-19 20:17:29,R_3Pn4ntkjWqcQI1j,18-21,Male,United States,"Laie, HI",USA
2023-05-19 20:23:34,R_Q68sTkgceYjh7Ed,18-21,Female,United States,California,USA
2023-05-20 01:11:21,R_ZaxH4Y1iaYthckN,18-21,Male,United States,Hawaii,United States of America
2023-05-20 01:47:37,R_12G7eTo0Df9eoOa,22-26,Female,United States,Queensland,Australia
2023-05-20 02:17:43,R_1hThbOhM6e1795w,22-26,Female,New Zealand,Hamilton,Nz
2023-05-20 03:48:47,R_NUBIsMYQUZGMoaR,22-26,Male,Philippines,Cavite,Philippines
2023-05-20 12:13:47,R_2AMx6wBwIJ5VWdZ,18-21,Female,United States,Oregon,United States
2023-05-21 01:30:56,R_3ET5iJo4tBIS6fj,22-26,Male,Malaysia,Kuala Lumpur,Malaysia
2023-05-21 01:38:10,R_3OoyXQL6bKePMM7,27-31,Female,Malaysia,Sarawak,Malaysia
2023-05-21 02:46:42,R_1P12K0ql5XEAexk,27-31,Female,New Zealand,Auckland,New Zealand
2023-05-21 02:57:35,R_2P7r9Evtkt46Iji,22-26,Male,India,Delhi,India
2023-05-21 08:30:27,R_1JPHXt1M1z7ekEp,22-26,Female,United States,Wyoming,United States
2023-05-21 10:38:06,R_2ZNCfQIH2gSMdsK,22-26,Female,United States,Utah,United States
2023-05-22 14:51:59,R_3FXqswH3ltDg5Jg,27-31,Male,New Zealand,Hastings,New Zealand
2023-05-24 19:55:14,R_2Y317YY2IW2hUQF,22-26,Male,Indonesia,East Java,Indonesia
2023-05-28 07:36:18,R_5cqQ1gKcv8nLZQZ,22-26,Male,United States,Colorado,United States
2023-05-08 21:13:24,R_3fxZOm5t44twFqJ,22-26,Male,Philippines,Southern Leyte,Philippines
2023-05-08 21:43:29,R_2xRe5Q4Qavok8cr,22-26,Male,Philippines,Alaminos City,Philippines
2023-05-08 22:11:03,R_30cVq5rnzhGudMf,22-26,Female,Tonga,Vava'u,Tonga
2023-05-09 01:07:17,R_3lFewF0PW8Dl0xL,22-26,Female,Philippines,Hawaii,Philippines
2023-05-09 02:10:50,R_yya0LzintvNV90R,22-26,Female,Samoa,Apia,Samoa
2023-05-09 02:36:30,R_OCkkZnQhwkEWkmJ,27-31,Female,Fiji,Suva,Fiji
2023-05-10 16:52:32,R_PuFsF4xWJV9SKjL,27-31,Female,Philippines,Pasuquin,Philippines
2023-05-12 13:15:18,R_3L5ptBKktFaRKR9,22-26,Female,Philippines,Bacolod City,Philippines
2023-05-15 21:07:22,R_OvPD7caaV36yNvb,22-26,Male,Japan,Kobe,Japan
2023-05-15 23:27:37,R_3D1nkWcfoCfJLIo,22-26,Female,Philippines,Cebu,Philippines
2023-05-16 20:55:31,R_cZ9xbycx2TGtnlT,43-49,Male,United States,Hawaii,United States
2023-05-16 21:09:27,R_8eTAoH8558UuofL,18-21,Female,Taiwan,Hualien,Taiwan
2023-05-16 23:54:40,R_1ruyZzvyXq12xCs,18-21,Female,South Korea,Incheon,South Korea
2023-05-17 01:51:29,R_2WZSTOY1HQgJXEu,22-26,Male,Philippines,La carlota,Philippines
2023-05-17 04:16:02,R_2tf1Dh1xCnDYJT1,18-21,Male,United States,CT,USA
2023-05-17 12:58:33,R_1itfQvApb2c1g2P,18-21,Male,Thailand,Chiang Mai,Thailand
2023-05-17 13:18:57,R_1IZxIghoZaAfK5q,18-21,Female,United States,Washington,USA
2023-05-17 14:02:56,R_3kgMdTXL7VZFbV5,18-21,Female,United States,Kailua Hawaii,USA
2023-05-17 16:02:58,R_3nrcoVZs29R0OEs,18-21,Male,United States,"Wichita Falls, Texas",United States
2023-05-17 22:02:25,R_sG3qyScEbKhQnbb,22-26,Male,Fiji,Suva,Fiji
2023-05-18 01:09:58,R_DGf2jDfbNd4AH6x,22-26,Male,United States,North Carolina,United states
2023-05-18 03:55:16,R_1kXiCp5DP6Kctr4,22-26,Male,Philippines,Nueva Vizcaya,Philippines
2023-05-18 04:37:13,R_3PZvpvMeZDLPGat,18-21,Male,Philippines,Surigao City,Philippines
2023-05-18 08:12:02,R_7NDdWr7rKMoEEYp,22-26,Male,Philippines,Cabatuan,Philippines
2023-05-18 11:07:39,R_3qwe0EwlhF4PZ08,43-49,Male,United States,Hawaii,USA
2023-05-18 11:08:26,R_6lExVTDCPCJb63T,37-42,Female,Canada,Alberta,Canada
2023-05-18 12:26:28,R_3Jq005SDuOCU7y8,22-26,Female,United States,Az,USA
2023-05-18 12:52:02,R_2WGprmj5NPDmOlR,22-26,Male,Canada,Calgary,Canada
2023-05-18 12:55:17,R_2fBVVZxcbdrVCO4,22-26,Male,United States,Washington,USA
2023-05-18 14:18:53,R_2zOpL7q0gkRPCL1,18-21,Male,Japan,Kanagawa,Japan
2023-05-18 19:46:10,R_2Bs6Poj8Ege02f4,18-21,Female,United States,Utah,United States
2023-05-18 20:58:18,R_A73fZJfuF0Qu9Al,22-26,Female,Mongolia,Ulaanbaatar,Mongolia
2023-05-18 21:29:13,R_XO4pEqS4fEFE6qd,22-26,Female,Mongolia,Ulaanbaatar,Mongolia
2023-05-18 21:42:30,R_p3Dmp766qno8a1X,22-26,Female,Indonesia,Jakarta,Indonesia
2023-05-18 21:42:44,R_1GDMhvUq2YOck9u,37-42,Female,United States,Utah,United States
2023-05-18 21:49:34,R_u7wAFjF5edVP9gB,27-31,Female,Mongolia,Ulaanbaatar,Mongolia
2023-05-18 22:07:08,R_1nURbK39M8RHVHi,27-31,Male,Mongolia,Ulaanbaatar,Mongolia
2023-05-18 22:29:46,R_2zeaVfNc3d90iBk,18-21,Male,Indonesia,Jakarta,Indonesia
2023-05-18 23:47:08,R_1ercliYsWC7MEf7,18-21,Male,Canada,HI,Canada
2023-05-18 23:57:54,R_25tqFOiY9fi6569,22-26,Male,Philippines,Laguna,Philippines
2023-05-19 00:56:18,R_3JETHXQyqpAj4CR,22-26,Male,Indonesia,Bogor,Indonesia
2023-05-19 00:57:45,R_1mJ0tao0eYW500u,22-26,Male,United States,Connecticut,United States
2023-05-19 01:37:04,R_1PRWDKnT3BsKVlf,22-26,Female,Tonga,Liahona,Tonga
2023-05-19 01:45:24,R_CkUFpSJgvd8b6Wl,22-26,Male,India,Deli,India
2023-05-19 01:47:10,R_1Iy1NxddRK0iQbw,22-26,Male,Fiji,Nadi,Fiji
2023-05-19 02:17:01,R_2E6KW7YmjZ3vw2p,22-26,Male,India,Hyderabad,India
2023-05-19 02:25:58,R_50wWa1xxWS5Baox,18-21,Male,Philippines,Tacloban City,Philippines
2023-05-19 02:26:31,R_3MDShgdTpL9Xbs2,22-26,Male,Fiji,Suva,Fiji
2023-05-19 02:34:10,R_2A1fZQNWtDegmoO,22-26,Male,Philippines,Tagum,Philippines
2023-05-19 13:16:58,R_32OWVi4mTaoD3Ar,22-26,Female,Philippines,Makati City,Philippines
2023-05-19 15:55:36,R_1K1Jg4A8S8MW7LT,22-26,Male,Philippines,Ilagan City,Philippines
2023-05-19 16:40:42,R_33D1LLlQN8fTksM,18-21,Female,United States,West Virginia,US
2023-05-19 16:47:36,R_3yoquRYGLe51fkB,22-26,Female,Philippines,manila,philippines
2023-05-19 16:59:29,R_XvlYDUwNbi0E7Qd,18-21,Male,Mexico,Cedar Park,Mexico
2023-05-19 16:59:31,R_UG6fkuCpI7ORFjH,18-21,Female,United States,Missouri,United States
2023-05-19 17:34:09,R_2wbEecPCcM1mx2S,22-26,Male,United States,Sacramento California,United States of America
2023-05-19 17:56:46,R_RztPSvaujOsrxeN,22-26,Female,Philippines,Camarines Norte,Philippines
2023-05-19 18:08:08,R_emSjrgYfp3ON5XH,22-26,Male,Philippines,Tarlac,Philippines
2023-05-19 18:27:19,R_BGnrBSMn9J3XgMF,43-49,Male,United States,"Bountiful, UT",USA
2023-05-19 18:45:06,R_4P0PoEUFNcoZB0l,43-49,Female,United States,West Virginia,United States
2023-05-19 20:35:31,R_BVU260tOd4CCddT,22-26,Female,United States,Montana,United States
2023-05-19 21:03:21,R_1pX1l8983BQu6d9,22-26,Male,United States,Utah,America
2023-05-19 22:30:10,R_2pVSRohTy3p78iP,50-58,Female,United States,Montana,USA
2023-05-19 22:40:30,R_1j7ivDdHSCmm8SM,22-26,Female,Philippines,Taguig City,Philippines
2023-05-19 22:44:51,R_24ckHIxcQExbI2S,50-58,Male,United States,Montana,USA
2023-05-19 23:34:59,R_5gyssZlJuMD8DrH,18-21,Male,,India,
2023-05-19 23:44:53,R_3lsPZhB9eapW95v,43-49,Female,United States,Texas,United States
2023-05-20 00:14:09,R_1i8bVWuxw452rUo,22-26,Female,Philippines,Butuan,Philippines
2023-05-20 00:36:49,R_2DP05vlhuG30udF,18-21,Female,Canada,Alberta,Canada
2023-05-20 00:58:13,R_1CqGGAfpjdGGL2j,22-26,Male,Papua New Guinea,Port Moresby,Papua New Guinea
2023-05-20 01:00:08,R_ZmLOITLH8BbYJS9,27-31,Female,Papua New Guinea,Port Moresby,Papua New Guinea
2023-05-20 01:06:38,R_1FxhywuryOA1nUS,22-26,Male,Papua New Guinea,Hawaii,papua new guinea
2023-05-20 01:07:57,R_24AT9VaGbQC3g7J,22-26,Male,Papua New Guinea,PORT MORESBY,PNG
2023-05-20 01:12:13,R_3PFCGHHrTXz9qVZ,32-36,Male,Papua New Guinea,Lae City,Papua New Guinea
2023-05-20 01:16:41,R_2PpPM7hZYuC3RuQ,27-31,Male,Papua New Guinea,Port Moresby,PNG
2023-05-20 04:25:24,R_8uH4ww7T9wLPvJ7,22-26,Male,Philippines,Valencia City.,Philippines
2023-05-20 17:51:36,R_3gT8Cbh9mWcNFk9,43-49,Male,United States,Virginia,USA
2023-05-20 17:55:25,R_1OoUZc5JGiUU6sK,18-21,Male,United States,Leesburg,United States
2023-05-20 18:21:09,R_1H6xdzOCymCoYAH,50-58,Female,United States,Virginia,USA
2023-05-20 18:27:33,R_2dBhmpNgUaWhO1b,18-21,Female,United States,California,USA
2023-05-20 18:28:05,R_25YFrbq6zCzSTPX,22-26,Male,Philippines,Valenzuela,Philippines
2023-05-20 18:29:03,R_3Oog0npUwJSeR9j,18-21,Male,Japan,Ibaraki,Japan
2023-05-20 18:30:34,R_W1cjjXInm5dbq5b,22-26,Female,United States,"Edison, New Jersey",USA
2023-05-20 18:33:13,R_3KTNuPHDvON33Do,18-21,Male,United States,Frisco,United States
2023-05-20 18:45:23,R_2QsxEHjAkorBc2V,43-49,Female,United States,Utah,USA
2023-05-20 18:51:19,R_3EmdSrWGCYtSS6O,43-49,Female,United States,NC,United States
2023-05-20 18:53:19,R_Rq8gikQDX6XPDlT,43-49,Female,United States,Utah,United States
2023-05-20 18:58:24,R_2y8b68jIgWl8YId,22-26,Male,United States,North Carolina,USA
2023-05-20 19:04:39,R_1IsG4CrIGjPUyLJ,18-21,Male,United States,Hawaii,USA
2023-05-20 19:04:59,R_3R2u8tkirtpd4uA,18-21,Male,United States,Arizona,United States
2023-05-20 19:06:00,R_1k03Nyj7iXjFcKt,37-42,Female,United States,Florida,USA
2023-05-20 19:11:08,R_cUYD9VgFSGS9Z2V,22-26,Female,United States,California,United States
2023-05-20 19:12:33,R_1ONW532KaWoUIGt,22-26,Male,Japan,Okinawa,Japan
2023-05-20 19:24:45,R_27xsqASWlc1QQDs,22-26,Male,United States,Martinsburg,United States
2023-05-20 19:26:50,R_1mqFoQby7ceNfZK,18-21,Male,United States,Phoenix AZ,Usa
2023-05-20 19:28:49,R_6yuCxDRALhnwKrL,18-21,Male,United States,Texas,United States
2023-05-20 19:29:07,R_11YEXBqINi9IBEP,22-26,Male,Japan,Gifu (Prefecture),Japan
2023-05-20 19:32:45,R_Y3NfLIzIQVYpYbf,18-21,Female,Mexico,Veracruz,Mexico
2023-05-20 19:42:34,R_1M0Zhu9uaEbyU5C,18-21,Male,Japan,Osaka,Japan
2023-05-20 19:55:30,R_ut9gYIslAuornrP,18-21,Female,United States,New Mexico,United States
2023-05-20 20:10:17,R_2SAJ0jPX87tIA9j,22-26,Male,United States,Virginia,USA
2023-05-20 20:22:06,R_oYW4OJt57MGeSSB,43-49,Female,United States,Virginia,USA
2023-05-20 21:27:20,R_1pG8njqoprA6oXS,37-42,Female,United States,Utah,America
2023-05-20 21:29:04,R_2S6ylp3n7wlSLMo,22-26,Male,Malaysia,Ipoh Perak,Malaysia
2023-05-20 21:39:59,R_1mC3Km5DURaG6cb,18-21,Female,United States,West Virginia,United States
2023-05-20 22:02:54,R_2tKGnbWXhWBiSQE,18-21,Male,United States,Hawaii,USA
2023-05-20 22:37:01,R_3nCvHuK9EdZmWpJ,18-21,Male,United States,Bountiful Utah,Usa
2023-05-20 23:03:16,R_3lJlwhMCjisZLj9,43-49,Female,United States,Utah,United States
2023-05-20 23:07:13,R_1g1tno96Wwp5Ug7,43-49,Male,United States,Bountiful,United States
2023-05-20 23:18:02,R_3p3Yj85WE4ocWPM,50-58,Female,United States,Utah,USA
2023-05-21 00:09:44,R_yUVqm2ZSa2B7CY9,32-36,Female,United States,California,USA
2023-05-21 00:24:57,R_zSbEZqrCFyhh1wR,22-26,Female,Indonesia,Jakarta,Indonesia
2023-05-21 00:25:23,R_33dsdbASgzbVCfT,22-26,Male,United States,Washington,United States
2023-05-21 00:59:06,R_2viA7ruiIjPLXtP,18-21,Female,United States,San diego,United States
2023-05-21 01:03:35,R_8CdZjwYcPZYKfwl,43-49,Male,United States,Hawaii,USA
2023-05-21 04:32:02,R_dcn6VbIOpe9W2xX,27-31,Male,Japan,Fukuoka,Japan
2023-05-21 04:38:53,R_2wLBZatIgzd35m8,18-21,Female,United States,Laie,United states
2023-05-21 06:27:53,R_33sExBADJaofuv4,43-49,Female,United States,Texas,United States
2023-05-21 07:32:54,R_1pFLwHGMaMJf0JX,18-21,Female,United States,West Virginia,USA
2023-05-21 09:59:45,R_3erjhLlsGPbpwCR,22-26,Male,United States,Utah,United States
2023-05-21 10:30:10,R_12hxnYjC6mJ0ukG,43-49,Female,United States,Utah,United States
2023-05-21 12:08:20,R_3qebjkHdPBc6ZSJ,18-21,Female,Mexico,Veracruz,México
2023-05-21 12:39:10,R_3HZkN6UxltNPdEa,22-26,Male,Philippines,Baguio,Philippines
2023-05-21 13:05:35,R_3EKBPd5vOlTfHJE,27-31,Male,Philippines,Gamu,Philippines
2023-05-21 13:09:47,R_2TRyJAnrgJKoLM0,27-31,Male,Philippines,Gamu,Philippines
2023-05-21 13:11:50,R_Ow1kuUMzRJWIh3z,18-21,Female,United States,California,United States
2023-05-21 13:43:49,R_2WI2sbD9kqonM4g,18-21,Female,United States,"Puna, Hawaiʻi",United States of America
2023-05-21 13:49:32,R_2QnQugDCQ5STLmr,37-42,Male,,,
2023-05-21 15:16:49,R_21tWmrVZiK5dBgj,22-26,Male,United States,Orem,United States
2023-05-21 15:25:40,R_276YdqRtmwknnOX,22-26,Male,United States,Texas,United States
2023-05-21 15:27:50,R_1IAfRA6DslgD9D6,43-49,Male,United States,"Springville, UT",Unite States
2023-05-21 15:44:47,R_1OZiAJ5fKDKy6eh,18-21,Female,United States,Texas,United States
2023-05-21 15:52:50,R_UlRVLlxdtg7vNHr,18-21,Female,United States,Florida,United States
2023-05-21 15:56:58,R_8G7n20UX2xLygTL,18-21,Female,French Polynesia,Papeete,Tahiti
2023-05-21 16:18:36,R_22Y5Bg1Z1zedXKO,18-21,Female,United States,Hawaii,United States
2023-05-21 17:16:20,R_2CCxl5xKpYnFkWx,18-21,Male,United States,California,United States
2023-05-21 18:59:19,R_3NDTwP8TdgIpg0i,18-21,Male,United States,Boise Idaho,United States
2023-05-21 19:37:49,R_tVOHH9R42XaAL4J,18-21,Female,United States,"Laie, HI",United States
2023-05-21 20:23:33,R_2wjfQRbRUDYTugH,27-31,Female,United States,Hawaii,USA
2023-05-21 20:25:43,R_2w5kJdosLvjwn29,27-31,Male,United States,Guam,USA
2023-05-21 21:02:01,R_1jlmL6MgxbFh9u4,50-58,Female,United States,Hawaii,Usa
2023-05-21 21:05:24,R_1Q3qjH6UReWDwRD,22-26,Female,United States,Laie,United States
2023-05-21 21:57:25,R_22rIp0wVjA3vJTc,22-26,Male,Philippines,Cebu,Philippines
2023-05-22 00:13:48,R_1exyPiJ4YduugnG,22-26,Male,Fiji,Hawaii,Fiji
2023-05-22 02:53:21,R_2azcdMcFxlkV2OR,22-26,Female,Philippines,Davao City,Philippines
2023-05-22 03:14:18,R_432aDspY9XLkqop,18-21,Female,Ksa,Dhahran,KSA
2023-05-22 03:20:22,R_5C02lbJ7mLE83W9,18-21,Female,United States,allentown,usa
2023-05-22 03:36:12,R_2zpY8MtMOX3GGrP,22-26,Female,Philippines,"Jaen, Nueva Ecija",Philippines
2023-05-22 03:55:12,R_3lFDk5Eil8lAhyq,22-26,Female,Philippines,Laguna,Philippines
2023-05-22 04:04:40,R_33s4vVyvZ8OOyOm,22-26,Female,United States,Virginia,United States
2023-05-22 04:06:45,R_21zWoahIxsDqcQs,22-26,Male,Philippines,Pasig City,Philippines
2023-05-22 04:11:04,R_pt86IlTqA2vy6Z3,27-31,Female,Japan,Yamaguchi,Japan
2023-05-22 04:13:57,R_3je8YgQWuIYRfjR,22-26,Male,Philippines,Manila,Philippines
2023-05-22 04:43:45,R_1gUgxDLt9ra1o58,22-26,Male,Philippines,Manila,Philippines
2023-05-22 04:47:15,R_27W5gAvQq8KB2Ju,22-26,Male,India,Delhi,India
2023-05-22 04:58:31,R_306qYqVo0k0JfHz,27-31,Male,United States,Colorado,United States
2023-05-22 05:13:47,R_1GI94i8viZosN63,32-36,Male,Japan,Fukoyoka,Japan
2023-05-22 05:40:25,R_vpJa2Kpp49QvfLX,22-26,Male,United States,Gold Coast,Australia
2023-05-22 05:42:27,R_1melmJOGzCRTsqh,22-26,Male,Fiji,Suva,Fiji
2023-05-22 05:42:34,R_3m1YuRZAaWiuinH,18-21,Male,United States,Texas,USA
2023-05-22 07:03:55,R_3OdbCTht66ZXCkV,27-31,Male,Philippines,Pasig,Philippines
2023-05-22 07:20:10,R_3kMukOtEi65nmJx,22-26,Female,United States,Colorado,United States of America
2023-05-22 07:54:44,R_1IA6AM1AVtaDlyU,32-36,Female,United States,Colorado,United States
2023-05-22 08:24:10,R_1QuA3WzAdQfHbHA,27-31,Male,Philippines,Quezon City,Philippines
2023-05-22 08:44:28,R_3OhDFi9k1ikrFa9,27-31,Male,United States,Colorado,USA
2023-05-22 09:04:52,R_2xKHD9AwBBuXPb5,71-77,Male,United States,Colorado,United States
2023-05-22 09:59:18,R_2P5AnuYXQ0QUhrH,18-21,Male,United States,Utah,USA
2023-05-22 10:27:25,R_1jNWSrhrbx8uNQ6,18-21,Female,United States,California,USA
2023-05-22 11:29:09,R_12u6aemk64JlwL8,22-26,Male,Philippines,Marikina,Philippines
2023-05-22 12:15:27,R_5iDfPQXmAlajW93,18-21,Female,United States,Florida,United States of America
2023-05-22 12:19:04,R_2rIQT1i209mf5MX,18-21,Female,United States,Texas,United States
2023-05-22 12:19:15,R_2duzvXOmPtaLE69,18-21,Female,United States,Utah,United States
2023-05-22 12:21:21,R_2CWn3WYQ1uHb8IE,22-26,Male,Ghana,Accra,Ghana
2023-05-22 12:44:51,R_1eL64UiS2V1NSLy,22-26,Male,Kiribati,Tarawa,Kiribati
2023-05-22 12:45:31,R_3JD9i2bNDNVwuRB,18-21,Male,United States,California,America
2023-05-22 12:47:20,R_116MbL3hs85pqct,18-21,Female,Fiji,Suva,Fiji
2023-05-22 12:49:57,R_1q3tWRATHCGiBh2,18-21,Male,United States,California,America
2023-05-22 12:50:23,R_2OJfznrrz1XJmLW,27-31,Male,Philippines,"Balanga City, Bataan",Philippines
2023-05-22 12:52:29,R_2Qm0MqpVMmy43IG,22-26,Male,Canada,British Columbia,Canada
2023-05-22 12:53:12,R_1E6Sj8tJYXWtC05,18-21,Male,United States,California,America
2023-05-22 12:54:17,R_w5VUUMNXPmGzYeB,59-64,Female,United States,Colorado,United States
2023-05-22 12:56:06,R_1jlU9MtJU2jZ4Ms,22-26,Male,United States,Idaho,America
2023-05-22 12:59:01,R_3D78L8Ji0BxEF4t,22-26,Male,United States,Las Vegas,America
2023-05-22 12:59:06,R_cvVDoWWpaxp1SSJ,22-26,Female,Philippines,Pangasinan,Philippines
2023-05-22 12:59:19,R_129Ef1NiuGVqJNS,22-26,Male,United States,Utah,United States
2023-05-22 13:01:55,R_3KN4sgnLRsDMKDY,22-26,Male,United States,Texas,America
2023-05-22 13:04:03,R_234B2rOMLOypxHr,27-31,Male,Kiribati,Kiritimati Island,Kiribati
2023-05-22 13:16:19,R_3QRhYHUKJYhtF6q,27-31,Male,Kiribati,Tarawa,Kiribati
2023-05-22 13:21:39,R_3f0PtYuo2yxDN2F,22-26,Female,United States,"Boise, Idaho",United States
2023-05-22 13:26:16,R_1ISeKIjs4OyAuJl,27-31,Female,United States,Utah,United States
2023-05-22 13:30:09,R_ZsfqsR34SIELVeN,32-36,Male,United States,Hawaii,USA
2023-05-22 13:37:12,R_2eUq021k6u8eIIb,22-26,Female,Kiribati,Tarawa,Kiribati
2023-05-22 13:54:22,R_1gtjEFgVE4goQWU,27-31,Female,United States,Hawaii,United States
2023-05-22 13:59:42,R_1eLCfAJ97xVhrTQ,22-26,Male,Philippines,Cabanatuan,Philippines
2023-05-22 14:16:55,R_21h3uW2YgmaSZGl,27-31,Male,Philippines,DAGUPAN,Philippines
2023-05-22 14:21:07,R_x2ZmfcNWUiMoe1b,22-26,Male,Tonga,Hateo,Tonga
2023-05-22 15:01:07,R_25ZA8s0sEPrRXsO,32-36,Male,United States,Colorado,United States of America
2023-05-22 15:07:26,R_3lYVndjwIk53OBw,22-26,Female,Mongolia,Ulaanbaatar,Mongolia
2023-05-22 15:16:32,R_2XarcXAHjReKbrr,22-26,Female,Fiji,Suva,Fiji
2023-05-22 15:31:19,R_6S5lH7S6x5XVXBn,22-26,Male,United States,Nashville,Usa
2023-05-22 15:31:56,R_1IXmvpZRYi2HsoR,22-26,Female,Fiji,Suva,Fiji
2023-05-22 15:44:12,R_2U6s407aG6mlehz,22-26,Female,United States,Colorado,United States of America
2023-05-22 16:12:11,R_3JJCxsVoZSTRgJw,18-21,Female,United States,Montana,United States
2023-05-22 16:32:29,R_8nXisUUBKdeRxux,22-26,Male,United States,"Atlanta, Ga",USA
2023-05-22 16:52:24,R_3CHnt8aEIbFuOBZ,18-21,Male,Brazil,Sao Paulo,Brazil
2023-05-22 16:52:30,R_1mErGdVadIpc5sc,50-58,Female,United States,Colorado,USA
2023-05-22 17:21:44,R_2RXhJi2yFm1vcMu,22-26,Male,United States,Utah,United States of America
2023-05-22 17:37:21,R_3oXasBmp1rt28cj,22-26,Female,United States,American Samoa,United States
2023-05-22 17:47:30,R_268Bo0Q4kSJtwpH,22-26,Male,United States,Hawaii,U.S
2023-05-22 18:02:03,R_3NUNpfquf2fkv2N,22-26,Male,United States,HI,US
2023-05-22 18:14:16,R_3qldz34DUteourg,27-31,Female,Kiribati,Tarawa,Kiribati
2023-05-22 19:13:38,R_1NEaKkRBnw0T6VM,22-26,Female,Kiribati,Tarawa,Kiribati
2023-05-22 19:13:52,R_3lFDjkwbzkaoiK6,22-26,Female,Philippines,Davao City,Philippines
2023-05-22 19:14:08,R_2Eh1WPoOF89XyNE,18-21,Female,United States,California,USA
2023-05-22 19:38:13,R_2RPak5Ozljh838w,22-26,Male,India,Hyderabad,India
2023-05-22 19:42:18,R_b44annZhsNwobbb,22-26,Male,Kiribati,Tarawa,Kiribati
2023-05-22 20:45:02,R_0CiA127erGwEKeB,27-31,Male,Malaysia,Subang Jaya,Malaysia
2023-05-22 20:49:38,R_2PhVek7e4R5EFVn,27-31,Female,United States,Oregon,USA
2023-05-22 21:01:19,R_SUmXGVzaMWREFoZ,22-26,Female,United States,Louisiana,Usa
2023-05-22 21:22:13,R_2CwtNWBMNw8OSaG,22-26,Female,China,Tianjin,China
2023-05-22 21:27:23,R_1KdTdE6Lb70Lrwn,18-21,Female,United States,Minnesota,United States of America
2023-05-22 21:27:45,R_cU99WxXaTsy73q1,18-21,Female,United States,Bluffdale Utah,United States
2023-05-22 21:28:55,R_1M6VWTpcDyvuy0Y,22-26,Female,China,Guangdong,China
2023-05-22 21:29:56,R_2CKB0Blq4zzxMpp,22-26,Female,China,China,China
2023-05-22 21:30:30,R_RVNv5RocULeQxnb,22-26,Female,Philippines,tuguegarao,philippines
2023-05-22 21:30:31,R_3nqklIrHVxpveC3,22-26,Male,Philippines,Puerto Prinsesa Palawan,Philippines
2023-05-22 21:32:06,R_3KovOBAi5KgNBjS,18-21,Female,United States,"Laie, Hawaii",United States
2023-05-22 21:33:01,R_1kMND0ZtLK0GuEl,22-26,Female,China,Chengdu,China
2023-05-22 21:34:25,R_1N52kxfpsDSHYx0,18-21,Female,Papua New Guinea,Port Moresby,Papua New Guinea
2023-05-22 21:35:50,R_bCosME4yzPXOG1r,18-21,Female,United States,Utah,United States
2023-05-22 21:37:19,R_BuhhGajBCgNKqHf,22-26,Male,Philippines,Baguio City,Philippines
2023-05-22 21:38:14,R_3h0aZmRas4SCxja,22-26,Female,China,jiangsu,china
2023-05-22 21:55:44,R_1N8n6L6GsJpzV8k,27-31,Male,Mexico,Puebla,Mexico
2023-05-22 21:56:37,R_1HUQeGzutvKr34l,50-58,Female,United States,"Albany, Oregon",United States of America
2023-05-22 21:59:29,R_3fNNL0WA6nWE913,50-58,Male,United States,Oregon,America
2023-05-22 22:01:13,R_cSAfgHk7RXDP09r,22-26,Male,United States,Hawaii,United states
2023-05-22 22:01:20,R_1mrUFait0Yf2szn,27-31,Male,United States,"Hawaii, Laie",US
2023-05-22 22:02:27,R_bDicH22cGSjHrHj,18-21,Female,United States,Utah,Us
2023-05-22 22:11:36,R_295q0rMosXYKKke,22-26,Female,China,Chengdu,China
2023-05-22 22:14:32,R_1kXrLqjhKXhYVzC,43-49,Female,Philippines,Utah,Philippines
2023-05-22 22:16:58,R_3EFpshOooeFFmGv,27-31,Female,United States,Hawaii,USA
2023-05-22 22:18:41,R_Pvdqk48cN3q5nQR,22-26,Female,United States,Utah,USA
2023-05-22 22:20:31,R_3lMR9dmEBhom3Ln,27-31,Male,United States,Idaho,United States
2023-05-22 22:25:50,R_1mK3gcIiDwT4s7y,22-26,Female,Vietnam,Dong Xoai,Vietnam
2023-05-22 22:27:20,R_1qa0bYkdYNcQN9b,22-26,Male,United States,Indiana,United States
2023-05-22 22:30:06,R_2tzg7Q0B1whJeeL,37-42,Female,Papua New Guinea,Hawaii,Papua New Guinea
2023-05-22 22:33:43,R_2BbLPJXqPlS8LLU,22-26,Female,中国,成都,中国
2023-05-22 22:41:29,R_9TY2PpGLMnfxvHj,50-58,Male,United States,colorado,usa
2023-05-22 22:45:44,R_2EF4TOvVPNhls55,18-21,Female,Mexico,Veracruz,México
2023-05-22 22:50:19,R_26nlDkiP7fuWjQJ,22-26,Male,United States,California,USA
2023-05-22 22:54:23,R_2YahOivqeZmkQC3,22-26,Female,China,Sichuan,China
2023-05-22 22:55:49,R_2OZJo166ghC6fKK,22-26,Female,United States,Idaho,United States
2023-05-22 22:57:48,R_eEdREIXoWtXCnjH,18-21,Female,United States,"Lewiston, Idaho",USA
2023-05-22 23:00:58,R_yXdPJQhFtvKpC3T,18-21,Female,South Korea,Seoul,Korea
2023-05-22 23:03:47,R_eg4QQAhFDskI73b,22-26,Female,United States,Colorado,United States
2023-05-22 23:10:28,R_3nwSlRQRoupuYIH,22-26,Female,United States,Oregon,USA
2023-05-22 23:26:33,R_sSWzuoUzAiKzBRf,22-26,Female,India,Hyderabad,India
2023-05-22 23:34:04,R_1pZ4sUQarhtWHvH,27-31,Male,Philippines,Pangasinan,Philippines
2023-05-22 23:36:48,R_3mmW5eVvyBq5mAy,22-26,Female,Philippines,Sta. Barbara,Philippines
2023-05-22 23:40:37,R_1P0lggv5odLkuU3,50-58,Male,United States,"Bluffdale, Utah",USA
2023-05-22 23:41:46,R_1jj3m6EFb1nOUXh,22-26,Female,China,Yunnan,China
2023-05-22 23:42:48,R_264iBUu7OvRyVuL,22-26,Female,China,Hebei,China
2023-05-22 23:43:58,R_b70WG7So55NR0uR,18-21,Female,United States,Hawaii,USA
2023-05-22 23:45:30,R_2CfYyzsjK6CN4k2,18-21,Female,United States,Oregon,USA
2023-05-23 00:01:10,R_pAFqofehVc8jAZ3,22-26,Female,Philippines,Santa Barbara,Philippines
2023-05-23 00:01:42,R_22rjlC25R8PTtKp,22-26,Male,Philippines,Nueva Vizcaya,Philippines
2023-05-23 00:01:52,R_1jqTnZOZ7V4K2JQ,22-26,Female,United States,California,United States
2023-05-23 00:14:46,R_2aQxxPdcRfl31m9,22-26,Female,Philippines,Pangasinan,Philippines
2023-05-23 00:15:16,R_ZsmPppJvkXAkjPr,22-26,Female,Philippines,Pangasinan,Philippines
2023-05-23 00:27:46,R_3k08o7O6Ncexy8a,18-21,Male,Kingdom Of Hawai’I,Makawao,Kingdom of Hawai’i
2023-05-23 00:27:51,R_248WtS5GVTRAJjj,27-31,Male,Philippines,Pangasinan,Philippines
2023-05-23 00:31:01,R_1DvXtGA1JrAFdw8,18-21,Female,United States,Texas,united states of america
2023-05-23 00:36:56,R_2BgNRXfauy73Jc7,22-26,Male,Taiwan,Taichung City,Taiwan
2023-05-23 00:38:21,R_9GmYChVpKoQ8kpz,18-21,Female,United States,Oregon,United States of America
2023-05-23 00:43:19,R_2THPh41EZX6kNSm,27-31,Female,China,Guangdong,China
2023-05-23 00:52:51,R_2403BB1qxC2Ovt4,18-21,Female,United States,Utah,U.S.
2023-05-23 00:55:42,R_2X08EaB1Pqi4kLC,22-26,Male,Philippines,Santiago City,Philippines
2023-05-23 01:00:08,R_1KcDuWnG8X4iUu1,22-26,Male,United States,Utah,USA
2023-05-23 01:05:07,R_2xQcMB2f4oYJ9nW,18-21,Female,United States,Arizona,USA
2023-05-23 01:06:40,R_eS9PVBgpYVR5Gq5,18-21,Female,United States,Oregon,United States
2023-05-23 01:10:35,R_1g6ptWo7yFM2WEC,18-21,Male,China,Shanghai,China
2023-05-23 01:15:00,R_3emCtutLfRwzCjD,18-21,Female,Philippines,Baguio City,Philippines
2023-05-23 01:15:49,R_2SqSCLbVcBM01Yh,18-21,Female,United States,Minnesota,USA
2023-05-23 01:21:08,R_2dux15uokOdx9Kh,22-26,Female,United States,NY,USA
2023-05-23 01:21:51,R_24FXNx8IGLdQM2v,22-26,Female,Japan,Fukuoka,Japan
2023-05-23 01:25:46,R_2Y97STr5gv3Xldk,27-31,Female,United States,Oregon,USA
2023-05-23 01:30:26,R_2wpex9Z8t2DwTmn,22-26,Female,China,Sichuan,China
2023-05-23 01:33:35,R_2QSArGuIpEG6yEG,22-26,Female,Philippines,Binalonan,Philippines
2023-05-23 01:42:47,R_3CPE34jl7fkjV8C,22-26,Female,United States,Texas,USA
2023-05-23 01:45:58,R_DMp7ejyyKeMw0Eh,22-26,Male,Japan,Toride,Japan
2023-05-23 01:49:10,R_1Heng6aNVj1VP8O,22-26,Male,India,New Delhi,India
2023-05-23 01:54:43,R_DvCnyl5tGTFqlCp,22-26,Female,United States,Utah,United States
2023-05-23 01:58:47,R_a3gNqmVOUMDTVst,27-31,Male,United States,Pennsylvania,USA
2023-05-23 02:01:29,R_12G4cbZBNQo0pjz,22-26,Female,India,Delhi,India
2023-05-23 02:02:45,R_2c5xUpdb7ECdayj,18-21,Female,United States,AZ,US
2023-05-23 02:03:08,R_22xnBbSY9lsgIWQ,22-26,Male,French Polynesia,French Polynesia,Tahiti
2023-05-23 02:04:56,R_2f3rGwssGOjcT11,22-26,Male,Samoa,,Samoa
2023-05-23 02:05:36,R_1mRHj92GtaoT578,18-21,Female,United States,Wisconsin,USA
2023-05-23 02:07:45,R_21h1pYUt3ZFTvZL,27-31,Female,Kiribati,Tarawa,Kiribati
2023-05-23 02:10:49,R_32UZVbYpm9X0PpA,18-21,Female,Tonga,Pangai,Tonga
2023-05-23 02:11:30,R_bsydQlKVewHozFn,18-21,Female,United States,Georgia,USA
2023-05-23 02:11:35,R_3HhN1Xs7qLMMGvL,22-26,Male,Japan,Osaka,Japan
2023-05-23 02:15:16,R_1IRRhaRPVK6QZGG,27-31,Male,Japan,Tokyo,Japan
2023-05-23 02:16:19,R_2QAQP6TLrEWnc58,18-21,Male,United States,Oklahoma,USA
2023-05-23 02:17:35,R_OBxYh9HuJfaPasF,22-26,Male,Papua New Guinea,Port Moresby,Papua new Guinea
2023-05-23 02:17:53,R_116NVrhOB0gOUuS,22-26,Male,Kiribati,Tarawa,Kiribati
2023-05-23 02:19:19,R_5oHk4hwRZpEdORH,22-26,Female,Kiribati,Tarawa,Kiribati
2023-05-23 02:20:10,R_2UYJlKaAiaZlOOp,22-26,Male,United States,Washington,USA
2023-05-23 02:21:07,R_pAd3C1NRSKbrMI1,22-26,Female,Kiribati,Tarawa,Kiribati
2023-05-23 02:22:49,R_2P1mayJqdF3mzSR,27-31,Male,India,Chennai,India
2023-05-23 02:24:02,R_25HOXL1JWm7unHF,22-26,Female,Philippines,Cebu,Philippines
2023-05-23 02:26:45,R_vDmSAHovQrDrlHb,27-31,Female,Kiribati,Tarawa,Kiribati
2023-05-23 02:27:16,R_xAzQImGzh3tTvTX,22-26,Female,United States,HI,US
2023-05-23 02:28:49,R_2rwnqT3b2uKfoj5,18-21,Male,Japan,"Kagawa prefecture, Kanonji city",Japan
2023-05-23 02:30:48,R_32WveucH3m6zxET,18-21,Female,Laie,Hawaii,Laie
2023-05-23 02:31:14,R_2ctGF6sgilC6f6F,43-49,Female,Hawaii,"Laie, Hawaii",Hawaii
2023-05-23 02:31:22,R_3EG9i1nAwvJuGMB,22-26,Female,United States,Hawaii,United States
2023-05-23 02:32:09,R_2t9D8uTldyq0HVK,22-26,Female,Kiribati,Tarawa,Kiribati
2023-05-23 02:32:26,R_3NNSCBSc7tRGr2a,22-26,Male,Weisheng,Kuala Lumpur,Weisheng
2023-05-23 02:36:33,R_3qyrkYql8YCZiMt,27-31,Male,Sri Lanka,Negombo,Sri Lanka
2023-05-23 02:37:14,R_3kjtpVFJE3nUpme,18-21,Female,Japan,Tokyo,Japan
2023-05-23 02:39:31,R_2cCRNu9V4DYhPdU,22-26,Male,Kiribati,Tarawa,Kiribati
2023-05-23 02:40:05,R_aaeRALiF4fUXsZ3,22-26,Female,United States,Utah,United States
2023-05-23 02:41:38,R_3qwleZ6dJRXVHHt,18-21,Male,United States,Texas,United States
2023-05-23 02:41:58,R_1j87NNuadp6M8gP,27-31,Male,South Korea,Ulsan,South Korea
2023-05-23 02:45:45,R_3PAl2kVBxItUWWg,50-58,Male,United States,Hawaii,USA
2023-05-23 02:48:46,R_214V96BX4M1ibse,27-31,Female,Tonga,Holonga,Tonga
2023-05-23 02:48:52,R_3P6syR22Kcey7Xu,22-26,Female,Kiribati,Kiribati,Tarawa
2023-05-23 02:51:05,R_24McsGJuiWBmxGU,18-21,Female,United States,Hawaii,United States
2023-05-23 02:51:23,R_3njHy0rMemg3sr5,18-21,Female,United States,Loganville,United States
2023-05-23 02:53:24,R_1DSjeq0mOQcbjTR,22-26,Female,India,Delhi,India
2023-05-23 02:57:20,R_6tW3a9zBMyhg7zr,22-26,Female,Kiribati,Tarawa,Kiribati
2023-05-23 02:59:26,R_6AtVuABjjwvJpT3,18-21,Female,United States,Houston,United States
2023-05-23 02:59:34,R_1jew6Kne4mixVva,22-26,Female,Kiribati,Tarawa,Kiribati
2023-05-23 03:00:16,R_3DtZVohKKhbiTdk,22-26,Male,Indonesia,Bogor,Indonesia
2023-05-23 03:03:04,R_pi6tOMIBh8QSNyN,27-31,Male,Papua New Guinea,Papua New Guinea,Papua New Guinea
2023-05-23 03:03:07,R_2VO35vn7Tszfl5o,22-26,Male,United States,California/Hawaii,USA
2023-05-23 03:05:34,R_1Kjwz8vdXw0IGgu,27-31,Male,United States,Hawaii,USA
2023-05-23 03:07:46,R_AdmNw4MqvAgyNPP,27-31,Male,United States,Maryland,United States
2023-05-23 03:08:04,R_VW2hotTBQzECxY5,22-26,Female,Kiribati,Tarawa,Kiribati
2023-05-23 03:10:11,R_1mOyCj9m9NopuHL,18-21,Male,Philippines,Manila,Philippines
2023-05-23 03:10:30,R_1jNHxDy54P7fFKy,22-26,Female,Kiribati,South-Tarawa,Kiribati
2023-05-23 03:15:07,R_2ccGxOsqIKbCXt5,27-31,Female,United States,California,United States of America
2023-05-23 03:15:21,R_3krgE1XzGzY5Db3,50-58,Female,United States,Hawaii,USA
2023-05-23 03:17:58,R_1rB9i7cSSVn0xKT,18-21,Male,Japan,Okinawa,Japan
2023-05-23 03:19:00,R_3E9zeEUFWSSTQq6,27-31,Female,Philippines,Cebu,Philippines
2023-05-23 03:20:10,R_1GV6OQTBC07ARae,22-26,Female,United States,"Atlanta, GA",United States
2023-05-23 03:26:49,R_pH2rrQGFdLD0YWR,18-21,Female,United States,California,USA
2023-05-23 03:27:28,R_1IKqBZXbpzxOCkJ,22-26,Male,United States,Hawaii,United States
2023-05-23 03:28:15,R_2AEacALNq2wsTDu,18-21,Male,Japan,Okinawa,Japan
2023-05-23 03:29:19,R_3emEY79A3iEIvYA,22-26,Male,Japan,Sendai,Japan
2023-05-23 03:43:14,R_1lfU1r3uCXP7XUI,22-26,Female,Philippines,Pasuquin,Philippines
2023-05-23 03:46:28,R_2WGttYImQ7yad8v,22-26,Female,Kiribati,Tarawa,Kiribati
2023-05-23 03:51:01,R_3qxTqlVGKYfkKdT,27-31,Male,Philippines,"Naga City, Camarines Sur",Philippines
2023-05-23 03:51:21,R_2y12B0tVhClD7y5,22-26,Female,French Polynesia,"Punaauia, Taravao, and Papeete","Tahiti, French Polynesia"
2023-05-23 04:09:37,R_3foDJW9lZtxYnDK,22-26,Male,United States,Oregon,United States of America
2023-05-23 04:22:52,R_9vprzRAiYnBeOA1,27-31,Female,United States,Hawaii,United States
2023-05-23 04:57:56,R_22GhwuYQfgyVwGc,22-26,Female,Philippines,quezon city,philippines
2023-05-23 05:14:12,R_3NVUgN3NthiobvG,22-26,Female,Kiribati,Tarawa,Kiribati
2023-05-23 05:24:32,R_2y2zFHzTBNRGQvV,22-26,Female,Philippines,Surigao,Philippines
2023-05-23 05:37:15,R_1q4Yu2NfhcdIVwF,27-31,Female,Philippines,,Philippines
2023-05-23 05:46:48,R_2ripveTuP6KYmck,50-58,Female,Philippines,,Philippines
2023-05-23 05:57:21,R_1ihuBiYQe4g1GeT,22-26,Female,Philippines,Pampanga,Philippines
2023-05-23 06:37:42,R_2YyXoJcNnz9Rlny,22-26,Male,United States,North Carolina,usa
2023-05-23 06:37:55,R_1mzoDTXzTJjDFsm,50-58,Male,United States,Washington,United States
2023-05-23 07:38:59,R_1HhERnvsSUAT1hG,18-21,Male,United States,"Ridgefield, WA",United States
2023-05-23 08:48:36,R_2V2Yth29OF7b3wB,22-26,Male,El Salvador,"Phoenix, Arizona",El Salvador
2023-05-23 09:50:37,R_RCdTxy6uSeuGhwJ,27-31,Female,Philippines,Davao City,Philippines
2023-05-23 11:37:50,R_2EdgOcnH0BhmYar,22-26,Male,United States,San Francisco,USA
2023-05-23 12:09:03,R_VI8fh4FRbmbZEvn,27-31,Male,Kiribati,Betio,Kiribati
2023-05-23 12:12:11,R_BYgnpUE3DMHk8gN,22-26,Male,Philippines,Cavite,Philippines
2023-05-23 12:14:00,R_1IgFYf9H553fWin,32-36,Female,United States,Oregon,US
2023-05-23 12:18:11,R_3iw2Jazc9tw7XhR,18-21,Female,United States,Las Vegas,United States
2023-05-23 12:22:15,R_1JQJj105OPS8jXf,18-21,Male,United States,Utah,United States of America
2023-05-23 12:42:07,R_2R4W9r6TMoXrGbK,22-26,Male,United States,California,U.S
2023-05-23 12:53:14,R_28V6iyeggzf9lFc,18-21,Female,United States,las vegas,USA
2023-05-23 12:57:43,R_1NreZAftqlp6boZ,22-26,Female,United States,Ohio,America
2023-05-23 12:58:34,R_2wBQbGenXeIpOLS,22-26,Male,United States,Sacramento,USA
2023-05-23 13:05:17,R_3h5uizJXs3aMTC4,43-49,Female,United States,Lincoln,US
2023-05-23 13:11:46,R_3gZqe96kRqxDWYk,43-49,Male,United States,Sacramento,United States
2023-05-23 13:14:40,R_1pyUBEVPAEg5qFP,18-21,Female,United States,Sacramento,US
2023-05-23 13:16:21,R_2cu51wOd0C2qHoQ,18-21,Male,United States,"Provo, Utah",USA
2023-05-23 13:34:47,R_1r17mzMTMa5pkAp,22-26,Male,New Zealand,Northland,New Zealand
2023-05-23 14:13:47,R_vN3n8ehTj58xPYl,22-26,Female,Kiribati,Tarawa,Kiribati
2023-05-23 14:22:05,R_10Mo3uVNt9Ikzf3,59-64,Female,United States,NorCal,USA
2023-05-23 14:22:17,R_3GfRDjjSehnTiOX,27-31,Male,Japan,Okinawa,Japan
2023-05-23 14:25:19,R_yCTqFwQeXOSmhcB,22-26,Male,United States,oceanside,USA
2023-05-23 14:50:37,R_25AfnYcVx8QUWAy,22-26,Male,United States,"Las Vegas, NV",USA
2023-05-23 16:19:23,R_1Ld23OV3rLzrX1E,27-31,Male,Mexico,Veracruz,Mexico
2023-05-23 17:42:33,R_1pLvhXPjDkfwBsv,32-36,Male,Mexico,Veracruz,México
2023-05-23 17:43:54,R_27VRnObcfQFutPy,37-42,Female,United States,Texas,United States
2023-05-23 18:39:10,R_2cnqx1Ktyyl1dWR,18-21,Female,United States,Minnesota,United States
2023-05-23 18:53:34,R_1gqJmqEMdM1mXxt,32-36,Male,Philippines,Hawaii,PHILIPPINES
2023-05-23 19:05:43,R_3qEZ5owLsTiGqcx,18-21,Male,Philippines,SURIGAO CITY,Philippines
2023-05-23 20:02:10,R_yHZnNWGxQjiYDex,18-21,Female,United States,Oregon,United States
2023-05-23 21:09:18,R_3Ray7KYT1xEpqtP,22-26,Female,Argentina,San Martín de los Andes,Argentina
2023-05-23 21:19:50,R_31bLoZjzD2WbPU3,37-42,Male,Canada,Langley,Canada
2023-05-23 22:22:14,R_XNcBztiGVv0SgHD,18-21,Male,United States,Colorado,United States
2023-05-23 23:21:52,R_1eWzaSIHaTHcbfL,27-31,Female,Kiribati,Hawaii,Kiribati
2023-05-24 02:03:07,R_AFktj9jovOiol9v,22-26,Male,Samoa,Apia Samoa,Samoa
2023-05-24 02:11:14,R_uwX6NJIrsE6O2K5,22-26,Female,Philippines,Digos City,Philippines
2023-05-24 02:25:53,R_3GxLfo3lLRoHMI3,22-26,Female,Philippines,Tanauan,Philippines
2023-05-24 02:30:02,R_110Gsj3xhWlVkxf,18-21,Female,United States,Honolulu,USA
2023-05-24 02:33:48,R_3qa0bwZze07owBu,27-31,Male,South Korea,Suwon,Korea
2023-05-24 02:34:41,R_3RdU8nxSBnkKytP,27-31,Male,Philippines,Makati,Philippines
2023-05-24 02:39:46,R_3Ic9un9yJHaXUUr,27-31,Male,Philippines,Taguig,Philippines
2023-05-24 02:58:19,R_1ONavfcrqQx5P8E,18-21,Female,Japan,Nara,Japan
2023-05-24 03:02:03,R_24u5JwlwOQUEXbr,22-26,Male,Philippines,Bohol,Philippines
2023-05-24 03:26:28,R_3siY4fEieA1CmRl,22-26,Male,Philippines,Dagupan,Philippines
2023-05-24 03:26:43,R_3IWC7bqXLdA1gsG,27-31,Male,Fiji,Laie,Fiji
2023-05-24 03:30:34,R_8cxnz8Ei0K0fMoF,22-26,Female,Philippines,Dagupan,Philippines
2023-05-24 03:31:51,R_pLSAGuDWzSoig5r,22-26,Female,United States,Utah,United States
2023-05-24 04:22:00,R_V2Uzku7qsWHRL45,22-26,Male,French Polynesia,Tahiti,Tahiti
2023-05-24 04:43:35,R_2uCed4lwEQQxhIs,18-21,Male,United States,Washington,United States
2023-05-24 04:49:13,R_1F2p1sgTHZPtJ2Q,50-58,Female,Philippines,Pangasinan,Philippines
2023-05-24 05:00:47,R_PUS5NtTIh9D0UJH,18-21,Female,Philippines,Santa Barbara,Philippines
2023-05-24 05:20:58,R_2DUmaBo0A3z5MmR,18-21,Female,United States,michigan,america
2023-05-24 06:32:04,R_273DzWO6kH0FWbE,18-21,Female,United States,Palo alto,USA
2023-05-24 06:33:14,R_1DGtxLsNxagLGCC,18-21,Female,United States,Virginia,United States
2023-05-24 06:48:21,R_A65pOEsOjbgdz45,50-58,Male,Philippines,Santa Barbara,Philippines
2023-05-24 08:43:39,R_2v81rln5Cwt1zuU,18-21,Female,United States,Colorado,United States
2023-05-24 11:09:23,R_2P7nqfsMDW1Rl1R,32-36,Male,Philippines,Mapandan,Phiilippines
2023-05-24 11:19:44,R_3JJIJ9dmIYkNi85,18-21,Female,Fiji,Lautoka,Fiji
2023-05-24 12:18:25,R_1E4iQUJU9YsMa0b,22-26,Female,United States,California,USA
2023-05-24 13:01:30,R_3CUHKPC7jy0cFDX,27-31,Female,Philippines,Cebu,Philippines
2023-05-24 13:34:58,R_2t5b7IRWN40D406,27-31,Female,Samoa,Hawaii,Sāmoa
2023-05-24 14:37:34,R_0wkzUGazo4DtkDT,22-26,Female,Philippines,Naga,Philippines
2023-05-24 15:13:20,R_246pKWR5TfJy8WW,22-26,Female,Papua New Guinea,Madang,Papua New Guinea
2023-05-24 15:37:04,R_28RFhjzEK2Grntj,18-21,Female,United States,Utah,United States of America
2023-05-24 15:39:31,R_cMz4mllp1eu2qSR,22-26,Female,Peru,Arequipa,Peru
2023-05-24 18:11:43,R_w4tq5ubh0iAng65,18-21,Female,Canada,Ottawa,Canada
2023-05-24 18:26:43,R_3R87JuW8bkRYsN4,22-26,Female,Philippines,Camarines Sur,Philippines
2023-05-24 19:15:53,R_AbuB5fm6aTeMQff,27-31,Female,Mexico,Puebla,Mexico
2023-05-24 21:36:03,R_1ozrC32OARBAlik,22-26,Male,Philippines,Leyte,Philippines
2023-05-25 03:12:21,R_qw4PT0mrsPitMuB,22-26,Female,Philippines,Tuguegarao,Philippines
2023-05-25 03:23:34,R_1OTAaqI0DDQOM6R,27-31,Male,Papua New Guinea,Port Moresby,Papua New Guinea
2023-05-25 03:50:33,R_2Svu1vdYG3jSUv8,27-31,Male,Philippines,Laguna,Philippines
2023-05-25 03:57:31,R_3j2lnBvfhYM6ZPv,22-26,Male,Philippines,Manila,Philippines
2023-05-25 04:17:13,R_3J280oZcUzSV8BD,22-26,Female,Canada,BC,Canada
2023-05-25 04:50:15,R_2WI5a1lPZPf2Kah,22-26,Male,Philippines,Dagupan City,Philippines
2023-05-25 05:20:50,R_1rqcuJTkQe7TeOp,22-26,Male,Philippines,Iligan City,Philippines
2023-05-25 05:41:55,R_1hzBymVze5FHDiD,,Female,Philippines,Pangasinan,Philippines
2023-05-25 06:10:41,R_1IaxAKdDy9vgU7E,18-21,Female,Philippines,Pangsinan,Philippines
2023-05-25 06:49:04,R_2sYYmSMdUZllWMz,22-26,Male,Philippines,Malasiqui,Philippines
2023-05-25 12:14:42,R_3HjJBbo6d6JLuGH,22-26,Female,Canada,Alberta cardston,Canada
2023-05-25 16:12:02,R_2wh6sfZkbZNoHhH,22-26,Female,Philippines,Pangasinan,Philippines
2023-05-25 21:06:32,R_2uWFow78IAQw4we,22-26,Female,Mongolia,Hawaii,Mongolia
2023-05-25 21:41:21,R_2V4na9SYJ56u5pG,27-31,Male,United States,Idaho,United States
2023-05-25 22:24:18,R_1QaZg5DZVCM9Znu,18-21,Female,United States,Hawaii,United States
2023-05-25 23:32:14,R_2CIp6uCgPzpg2t8,32-36,Female,Canada,Aetna,Canada
2023-05-26 01:42:06,R_1gCQqTzYLhLoAmR,22-26,Male,Fiji,Suva,Foji
2023-05-26 11:20:02,R_33qLEoJKVk7Z4U1,22-26,Female,Philippines,Taguig City,Philippines
2023-05-26 14:00:11,R_39i8jQBqYD3ishP,22-26,Female,Tonga,Tongatapu,Tonga
2023-05-26 16:50:16,R_2TMCJjUUU0MoBGz,18-21,Female,United States,Texas,United States
2023-05-26 20:24:01,R_1mJCJkPV1CdDY2v,27-31,Male,Fiji,Suva,Fiji
2023-05-27 00:46:27,R_3NEPKIuSxuSGjuA,22-26,Female,Papua New Guinea,Lae,Papua New Guinea
2023-05-27 00:49:24,R_2uECMnBdIBSk8qn,18-21,Female,Papua New Guinea,Port Moresby,Papua New Guinea
2023-05-27 00:55:49,R_3qJz703n3M9f6RL,27-31,Female,Papua New Guinea,Port Moresby,Papua New Guinea
2023-05-27 01:09:47,R_1jcEAJMBI3f5pa8,22-26,Female,Papua New Guinea,Port Moresby,PNG
2023-05-27 11:27:47,R_31F9mwQKxWpfVrN,18-21,Male,United States,Montana,America
2023-05-27 19:25:36,R_xFtmEu8U8oI7Bqp,22-26,Female,Thailand,Udon Thani,Thailand
2023-05-27 21:04:59,R_8BKxhSL8dQwSgWB,18-21,Male,Brazil,São Paulo,Brazil
2023-05-27 21:15:47,R_3PFdVJQN2NYr4OL,22-26,Male,South Korea,Pyeongtaek-si,South Korea
2023-05-27 22:30:15,R_30c8VR0dXPHgDu9,22-26,Male,Ecuador,Hawaii,Ecuador
2023-05-28 01:25:39,R_YcwoEpQOMGlznpv,18-21,Female,United States,Texas,United States
2023-05-28 02:19:40,R_OJXdHdIWVuHqnMB,18-21,Male,United States,California,Usa
2023-05-28 03:45:24,R_1BSfhem0oodoRCY,18-21,Female,United States,Provo,United States
2023-05-28 03:46:02,R_ewU1poATnAOPq7v,22-26,Male,Malaysia,Kuala Lumpur,Malaysia
2023-05-28 07:20:41,R_2V9cS75IBq1Z7Rp,18-21,Female,Mexico,Sonora,Mexico
2023-05-28 09:26:42,R_77pLcaS9q6lW277,18-21,Male,United States,Kaneohe,USA
2023-05-28 14:21:38,R_Rb1zR3qMIWZZ1jX,22-26,Female,United States,South Florida,Usa
2023-05-28 19:03:17,R_Cftl3Wn5aK3BXdD,18-21,Male,United States,Utah,USA
2023-05-29 00:54:59,R_3qrGxRIkQ76tugX,22-26,Male,Philippines,Legazpi,Philippines
2023-05-29 01:15:25,R_UbhTSaMMDREDq2R,22-26,Male,Fiji,Suva,Fiji
2023-05-29 04:07:03,R_1lo5PYghf2ySxLM,22-26,Male,Papua New Guinea,Lae,Papua New Guinea
2023-05-29 06:05:27,R_11avagX8VOkSb3w,22-26,Female,Tonga,Nuku’alofa,Tonga
2023-05-29 07:33:08,R_2sQKlfVsjQLYRDp,18-21,Female,Mexico,Veracruz,México
2023-05-29 08:36:44,R_29vxqhCu7zfKzYe,43-49,Male,United States,"Mclean, VA",United States
2023-05-29 12:51:35,R_1pMQiQt1amQQ7MY,22-26,Female,Canada,Vancouver,Canada
2023-05-29 13:50:47,R_3KPz9Pu4TJ9S1WQ,32-36,Female,Mongolia,Ulaanbaatar,Mongolia
2023-05-29 15:34:57,R_2tlDwFqnRFvgkiZ,18-21,Female,United States,Utah,United States
2023-05-29 15:39:43,R_2SpCUJDoTwdqHpc,32-36,Male,United States,Hawaii,Usa
2023-05-29 17:54:36,R_3qssVXZoeNsLgbl,18-21,Female,United States,Virginia/Hawaii,USA
2023-05-29 18:06:16,R_rqcaTLANScELzuF,22-26,Female,United States,Utah,United States
2023-05-29 21:30:51,R_4Iowui3PIT2RpoR,18-21,Female,United States,TX,US
2023-05-29 21:45:09,R_3n108tl7zQ89rTH,18-21,Female,United States,Utah,usa
2023-05-29 21:51:14,R_12eQgBqc3dJQrF5,18-21,Female,United States,Minnesota,United States
2023-05-29 22:03:00,R_ALqEZrIMfXjmpOx,22-26,Male,Philippines,Quezon City,Philippines
2023-05-29 22:12:38,R_DnI8C9GoB0khBNn,22-26,Female,China,Hebei,China
2023-05-29 22:17:21,R_1oj855uo47jgMW2,18-21,Female,United States,Colorado,United States
2023-05-29 22:27:28,R_3HBxhTT2KGbR9Ue,27-31,Female,United States,Oregon,USA
2023-05-29 22:42:30,R_3wU4etLwvy0y4ZX,18-21,Male,Mexico,Veracruz,Mexico
2023-05-29 22:53:06,R_1pQpDNvoAp4D6Nb,22-26,Female,China,Sichuan,China
2023-05-29 22:57:26,R_2dShgNuPYmQ5lBG,22-26,Male,Philippines,Tarlac City,Philippines
2023-05-29 23:06:07,R_3oMxkECbyMTMO08,18-21,Female,United States,hawaii laie,us
2023-05-29 23:17:40,R_1gNtAN7NvXexoC0,22-26,Female,China,sichuan,China
2023-05-29 23:29:24,R_rcqylTEXJDPhrax,18-21,Female,United States,Idaho,USA
2023-05-29 23:53:10,R_z7P3ezWTMs9GTyF,18-21,Male,United States,Utah,U.S of A baby
2023-05-30 00:07:45,R_2yqMajgbxz8RlFA,37-42,Male,United States,Oregon,USA
2023-05-30 00:23:20,R_238hoz5CVARXTW3,50-58,Female,United States,Oregon,Usa
2023-05-30 00:51:38,R_3j6EArU9Xa4Bhig,50-58,Female,United States,Utah,United States
2023-05-30 01:00:03,R_1Fy63t9o5WJ5fhx,22-26,Male,Philippines,Marikina City,Philippines
2023-05-30 01:12:11,R_3HTUdyvF8ux0O5H,22-26,Male,Philippines,Santa Barbara,Philippines
2023-05-30 01:56:55,R_31XFiEhzFombbdh,18-21,Female,United States,Idaho,USA
2023-05-30 02:48:57,R_12tzSXOkhaF8vzD,27-31,Male,Sri Lanka,colombo,sri lanka
2023-05-30 03:06:36,R_1jfBTb58h7LNR7n,22-26,Female,China,Shenzhen,China
2023-05-30 03:20:34,R_24qqE6QxSkcP0bY,22-26,Female,United States,Nevada,USA
2023-05-30 05:24:50,R_2qq4Vkm8RxVL7PP,22-26,Male,Mexico,Veracruz,México
2023-05-30 08:28:54,R_2AZ6wYXsdKx3Xr3,27-31,Male,United States,Oregon,United States of America
2023-05-30 09:13:22,R_2Sr9b2ZZARqm6xb,18-21,Female,United States,Oregon,USA
2023-05-30 09:42:52,R_2PbASsRJMYvaZ4i,27-31,Female,United States,California,United States
2023-05-30 09:58:46,R_PFXcAomCKKRx89H,18-21,Female,United States,Texas,USA
2023-05-30 10:21:56,R_1Cwg0HaIZdwNtxc,18-21,Female,United States,Utah,usa
2023-05-30 11:40:27,R_3q9b5QrFAvm3SxH,32-36,Female,United States,Texas,USA
2023-05-30 13:27:31,R_p3oJe2SWplUH96x,27-31,Female,United States,WA,United States
2023-05-30 13:34:19,R_XvUPkImcZXBpKTf,22-26,Female,United States,las vegas,usa
2023-05-30 13:34:58,R_BVqOUpYJr9cDSNz,22-26,Female,United States,Hawaii,USA
2023-05-30 14:21:39,R_2DMo0xTB65emSZd,22-26,Male,Japan,Nara,Japan
2023-05-30 15:33:48,R_3dLWPNvnIHrREFP,59-64,Male,United States,WASHINGTON,USA
2023-05-30 18:43:38,R_vUJ7HqzN2NJFvDH,27-31,Female,United States,Oregon,United States
2023-05-31 01:48:51,R_3J96aFTl4k5GMwm,22-26,Female,Mexico,Tamaulipas,México
2023-05-31 02:30:41,R_2ciLS9pZul9LBW2,18-21,Female,Taiwan,Taipei,Taiwan
2023-05-31 14:16:26,R_10ML7CWzv0jAyun,27-31,Male,Mexico,Edo. México,México
2023-05-31 20:21:01,R_1jjo77LwP5loMet,18-21,Female,United States,California,USA
2023-05-31 20:47:21,R_2afzas5rsEiOihV,22-26,Female,Canada,Raymond Alberta,Canada
2023-06-01 10:07:51,R_3oN5IRqNE9gHHki,22-26,Male,Philippines,Pangasinan,Philippines
2023-05-08 08:24:12,R_2VywwbWnisN5gK8,43-49,Male,Canada,Pincher Creek,Canada
2023-05-08 08:28:26,R_5BdKMGEBiP0eCvT,27-31,Female,United States,Washington,USA
2023-05-08 08:32:07,R_WdINS2eXwAWkPId,59-64,Male,Canada,Calgary,Canada
2023-05-08 08:37:26,R_3hn27NB8Vvw2Umm,22-26,Female,United States,LOGAN,USA
2023-05-08 08:40:34,R_4VEYUQ865JdUySR,37-42,Male,Canada,Lethbridge,Canada
2023-05-08 08:48:19,R_1DMBjHVPWBL6YDg,22-26,Male,United States,Provo Utah,United States
2023-05-08 08:49:00,R_2aFC5W8pUo0sWFZ,50-58,Female,United States,Washington,Usa
2023-05-08 08:49:33,R_3OlvZwimI1IdqHS,18-21,Male,United States,newport,United states
2023-05-08 08:49:39,R_1r6zMSn9Yx6r0SX,43-49,Male,United States,Newport,USA
2023-05-08 08:51:00,R_3QX0yOfcWAQxd1O,27-31,Female,United States,Spokane,Usa
2023-05-08 08:53:05,R_3nIfoluvIU0Yzk2,27-31,Female,United States,airway heights,united states
2023-05-08 08:59:20,R_2oasrZvaDzPFqZb,50-58,Female,United States,Newport,United States
2023-05-08 09:17:07,R_qJWbiR24p7Iwi0p,18-21,Male,United States,Utah,United States
2023-05-08 09:21:40,R_3hgXKNXbTUHg3Zv,18-21,Male,United States,Pleasant Grove,United States
2023-05-08 09:42:34,R_2asLLjsjnqHaMZf,18-21,Male,United States,Texas,USA
2023-05-08 10:38:20,R_3qkXsKDKUpngjkq,22-26,Male,United States,Spokane,USA
2023-05-08 10:58:11,R_3MDrZ4ZggyrAVua,22-26,Male,Canada,Alberta,Canada
2023-05-08 11:18:04,R_2WUU5sJ4uuF91Cx,59-64,Male,Mexico,Puerto Vallarta,Mexico
2023-05-08 11:25:46,R_1FVpMqz2X76kwKZ,18-21,Female,Canada,Lethbridge,Canada
2023-05-08 12:38:39,R_3PX37WmX0AJxg3H,27-31,Female,United States,Spokane Washington,US
2023-05-08 15:11:32,R_3DoxwrdmiINGzZ4,22-26,Male,United States,"Logan, Utah",United States of America
2023-05-08 19:16:38,R_2aV7G4RqseGqfeZ,37-42,Female,United States,"Anthem, AZ",United States
2023-05-08 19:18:05,R_1K8E95Mx7k7pFkW,18-21,Female,United States,Phoenix Arizona,United States
2023-05-08 19:20:47,R_3hAAjv8Dd7cimKU,43-49,Male,United States,Arizona,Usa
2023-05-08 19:21:08,R_1ie3hJPYlYvMudD,22-26,Male,United States,Montana,USA
2023-05-08 19:30:29,R_3Gp1cQE1ZWSTOUP,18-21,Male,Montana,Charlo Montana,Montana
2023-05-08 20:43:18,R_PNTsLRASoo777d7,18-21,Male,United States,Phoenix arizona,United States of America
2023-05-08 23:22:02,R_1igtzhZCO3LpBNH,22-26,Female,United States,Utah,United States
2023-05-10 08:34:20,R_Oweezomxlft5Tl7,22-26,Male,United States,Salt Lake City,United States
2023-05-10 08:51:53,R_3DonF6KBqiOCLJj,18-21,Female,United States,Utah,USA
2023-05-10 09:04:52,R_2QrGYkU55hYLHsG,59-64,Male,United States,Utah,USA
2023-05-10 09:05:52,R_1K1m4bN56RW4wVu,27-31,Female,United States,CO,United States
2023-05-10 09:10:13,R_1pFFLR9yIvxGst6,22-26,Male,United States,"Eagle, Idaho",United States
2023-05-10 09:20:41,R_1ltnrYdlTVLmCbl,22-26,Male,United States,Utah,USA
2023-05-10 09:20:58,R_2rkBzWJFboEUaqq,18-21,Female,United States,Utah,United States
2023-05-10 10:54:51,R_3oYBhYM2TMvHASm,18-21,Male,United States,"Kamas, Utah.",United States
2023-05-10 11:13:29,R_1mtkcTZI70rkClw,18-21,Male,United States,Utah,United States
2023-05-10 11:17:36,R_27UJyrV1hFcAuaM,27-31,Male,United States,"Providence, UT",United States
2023-05-10 11:36:00,R_2YWHGYQD2WkIX7e,22-26,Female,United States,Utah,USA
2023-05-10 11:36:51,R_3nINr5a0WQYpi2J,27-31,Female,United States,"Kamas, UT",United States
2023-05-10 11:44:24,R_1gpdyP8MGqNPwFK,18-21,Male,United States,Utah,USA
2023-05-10 12:05:22,R_3G8LrTgQN6YN6Dz,22-26,Female,United States,"Logan, UT",United States
2023-05-10 12:08:23,R_RKaHkLUo58IdU09,22-26,Female,United States,"Salt lake city, Utah",United States
2023-05-10 12:10:40,R_3RqKdgthfDyznua,18-21,Female,United States,Arizona,United States
2023-05-10 12:23:56,R_1r1AyuP0yZ43evm,50-58,Male,United States,Utah,United States
2023-05-10 12:24:36,R_3iEiGMcVcxMhw3p,22-26,Female,United States,Arizona,United States
2023-05-10 12:25:45,R_1mWS1QR5kccOIF2,37-42,Male,United States,Providence,United States
2023-05-10 12:29:43,R_1DUVyTlnTv3tELm,59-64,Female,United States,Utah,USA
2023-05-10 12:33:42,R_2zjA1dCZBdvAS7s,22-26,Male,United States,Idaho,United States
2023-05-10 12:36:46,R_24bDxwel0cbEAKE,59-64,Female,United States,"Salt Lake City, Utah",United States
2023-05-10 12:38:36,R_2cuBN3cVd9Ij7Qa,18-21,Female,United States,Utah,America
2023-05-10 12:48:22,R_prOwkVEp6hEDzwd,27-31,Female,United States,Utah,United States
2023-05-10 13:09:44,R_1rIIIF8eNR6Aeqy,50-58,Female,United States,Arizona,USA
2023-05-10 13:17:44,R_12g7DIFF1KpvPl3,18-21,Female,United States,"Billings, Montana",United States
2023-05-10 13:24:48,R_3eqcL5ILNQsOn30,18-21,Female,United States,Utah,United States
2023-05-10 13:25:34,R_1mW9K0MiHtiTCu1,37-42,Female,United States,Utah,United States
2023-05-10 15:36:46,R_1eRGhMNyTX3nucJ,22-26,Male,United States,"Tooele, UT",United States
2023-05-10 15:50:14,R_1k0P54Fkv9vGPhG,18-21,Male,United States,Utah,United States
2023-05-10 16:46:27,R_1P1nMUK3CDSSWBX,59-64,Female,United States,Utah,USA
2023-05-10 17:12:25,R_322VMGWmbF5c3nd,18-21,Male,United States,UT,United States
2023-05-10 17:34:46,R_1mXfsmZz4PxzPoc,22-26,Male,United States,Arizona,USA
2023-05-10 17:35:49,R_3kfoX0ahjS31Ykh,18-21,Male,United States,Utah,United States
2023-05-10 18:22:19,R_33svzmpxLf8dm8N,22-26,Female,Mexico,Monterrey,Mexico
2023-05-10 18:56:47,R_rqN47MPHzBgNfd7,50-58,Male,Mexico,Nuevo Leon,Mexico
2023-05-10 19:09:40,R_2Qo1hwH6rG5J3l4,18-21,Male,United States,Utah,United States
2023-05-10 19:25:54,R_1FlHeD7FbWweYgC,18-21,Male,United States,"Draper, Utah",United States of America
2023-05-10 20:11:49,R_3KqhKxApII9jubh,43-49,Female,United States,Utah,USA
2023-05-10 22:12:49,R_25QsLuIqrwGpoch,22-26,Female,United States,Utah,USA
2023-05-10 22:18:39,R_3OfB1vPMjl9ts23,22-26,Male,United States,boise,usa
2023-05-10 22:22:16,R_1q3Z7NZ7PSCtt1C,22-26,Female,United States,Utah,United States
2023-05-10 22:44:15,R_1je8RBLDDmCu3u4,43-49,Female,United States,Utah,United States
2023-05-10 22:44:46,R_29aY0plFMOKhEz5,66-70,Female,United States,Utah,United States
2023-05-10 22:50:18,R_2RaIi523eUjgmZY,22-26,Female,United States,Utah,USA
2023-05-10 22:58:31,R_pKQSWbwnT8bbtyV,22-26,Male,United States,Colorado,USA
2023-05-10 22:58:37,R_2P0wSrzoE7VI2H6,27-31,Female,United States,"Anchorage, AK",USA
2023-05-10 23:03:02,R_qXB9R65V7ygt7Gx,27-31,Female,United States,Washington,USA
2023-05-10 23:11:27,R_A6ZdmE3ky6BAkWR,22-26,Female,United States,Colorado,America
2023-05-10 23:39:25,R_1QutOkhgPOnAsjM,50-58,Male,United States,"Kaysville, UT",USA
2023-05-11 04:14:54,R_1ibwd4LxCKADzfo,27-31,Male,United States,"Morgantown, WV",United States
2023-05-11 10:02:40,R_sZ6iEj2sfs7CYNP,50-58,Female,United States,"Boise, Idaho",United States
2023-05-11 10:51:39,R_1EYZASJEsWmtJj0,22-26,Female,United States,"Alpine, UT",United States
2023-05-11 11:10:52,R_1Inr4QwECX7CZVG,22-26,Female,United States,Utah,U.S.
2023-05-11 11:13:23,R_DcaD2xXX4kcYdyN,22-26,Female,United States,California,USA
2023-05-11 11:15:00,R_9nbgfFT3n9Ream5,27-31,Female,United States,Utah,United States
2023-05-11 11:23:22,R_XYXmtRamckNJwVb,22-26,Female,United States,Michigan,United States
2023-05-11 11:43:09,R_1PZSJNAalhQ5ArY,50-58,Male,United States,"Alpine, Utah",USA
2023-05-11 12:12:02,R_etAQ3cqGq1iWa6R,50-58,Female,United States,Idaho,USA
2023-05-11 16:00:07,R_2rikwuETJft4Li7,22-26,Female,Mexico,Monterrey,Mexico
2023-05-11 18:00:46,R_diGQQMWIP6ySfQZ,27-31,Female,United States,Iowa,United States
2023-05-11 18:03:07,R_3rNuEtXbqS1EgkQ,50-58,Male,United States,Utah,United States
2023-05-11 18:10:45,R_2CBQhw1uUZMXjQq,18-21,Male,United States,Elko,United States
2023-05-11 18:22:30,R_2V2yrM47mkwJVlO,27-31,Male,United States,Davenport,United States
2023-05-11 18:44:36,R_OO1RYS8gFjIzICl,22-26,Male,United States,Utah,United States
2023-05-11 21:22:48,R_277LHiG0VCqsZnH,59-64,Female,United States,Utah,United states
2023-05-11 21:54:14,R_vv3G3be8gLExafv,50-58,Female,United States,"Eden, UT",United States
2023-05-11 23:30:21,R_3G0NiWGuIl8kYNl,22-26,Female,United States,Utah,United States
2023-05-11 23:30:31,R_0oyhSFwzgHhqWhr,22-26,Male,United States,Utah,USA
2023-05-11 23:32:23,R_1ocq7KLmRx87LsK,22-26,Female,United States,"Burley, Idaho",Usa
2023-05-11 23:43:43,R_wSH9LQuA9y4ZqYV,66-70,Male,United States,Boise,United States
2023-05-12 00:05:09,R_1C4w8iRpFYgvBqI,18-21,Male,United States,Utah,USA
2023-05-12 12:21:31,R_vpg2FjisLWmvyRX,18-21,Female,United States,utah,United States
2023-05-12 13:08:51,R_129Z452gKQk4Hd7,50-58,Female,United States,Arizona,United States
2023-05-12 13:18:48,R_28RPtP1QR6jmojN,22-26,Male,United States,Utah,United States
2023-05-12 13:20:29,R_11hI0004jkIzdQ3,22-26,Female,United States,Herriman,USA
2023-05-12 13:38:59,R_1cYsvnrjC8QSQuZ,27-31,Female,United States,Utah,USA
2023-05-12 13:40:40,R_1rxMmFc33MGKtFM,27-31,Female,United States,"Mesa, AZ",United States
2023-05-12 13:47:44,R_1IiWPWNMTnJVehT,22-26,Male,United States,Texas,United States
2023-05-12 14:06:39,R_3LZ1VyNsIxcEJmK,32-36,Female,United States,Nevada,United States
2023-05-12 14:52:29,R_1GwBpDz4j8zNP8M,32-36,Female,United States,Logan,United States
2023-05-12 15:08:45,R_3s5FWlvNaKTWrPh,50-58,Female,United States,Utah,USA
2023-05-12 16:49:41,R_1C3jwtawJTK9isP,50-58,Female,United States,Arizona,United States
2023-05-12 17:29:19,R_1gc2TzakOWsFIlF,50-58,Male,United States,ARIZONA,USA
2023-05-12 19:51:58,R_D0lvRs0mpJ9a6Hv,50-58,Female,United States,Utah,United States
2023-05-12 20:33:50,R_3PL82OhuihCNlDc,18-21,Male,United States,Utah,United States
2023-05-13 09:40:26,R_324oGgSu89qg3tp,66-70,Male,United States,Utah,USA
2023-05-13 10:01:47,R_1oGeu60JCbJP6Nz,50-58,Male,United States,Arizona,United States
2023-05-15 10:09:35,R_1kYtDafipUPc23z,22-26,Male,United States,Logan,USA
2023-05-15 16:15:35,R_2rwvj3KZmIDIPOa,,,,,
2023-05-16 03:46:44,R_tSY84XJLtRcEnex,18-21,Female,United States,Utah,US
2023-05-16 09:26:51,R_3mlz6JB0rtD4aEt,22-26,Female,United States,"Logan, Utah",United States
2023-05-16 21:25:08,R_3PsEjvR9Zjx2B19,18-21,Female,United States,Utah,United States
2023-05-16 21:34:12,R_WfHEKrwUGfjtZHX,18-21,Female,United States,"Cedar Hills, Utah",USA
2023-05-16 21:54:46,R_so1aYMNBZ4l7UhH,18-21,Male,United States,Utah,USA
2023-05-16 22:30:00,R_28NgLnjT0QkW87i,43-49,Female,United States,Utah,US
2023-05-17 09:15:14,R_zcz5DT9Dc0WYrZf,22-26,Female,United States,"Salt Lake City, UT",United States
2023-05-17 09:15:36,R_2v64ab3GWElc5ux,22-26,Male,United States,Carmel,USA
2023-05-17 11:33:16,R_1fiK4KdsAnMmSrD,18-21,Female,United States,Utah,USA
2023-05-17 12:14:14,R_3lKWFqrngwOHCFa,18-21,Female,United States,Pennsylvania,USA
2023-05-17 12:16:19,R_2966yK3QtBt9Q4y,,,,,
2023-05-17 12:20:51,R_2alz6lbcrFFmlRu,18-21,Female,United States,Utah,The United States of America
2023-05-17 12:21:05,R_2PdLCxT4y81pFQD,18-21,Female,United States,Utah,U.S.
2023-05-17 12:34:14,R_AmIgcBhsLhZla6t,,,,,
2023-05-17 12:45:39,R_wL73bID0bXTftbb,27-31,Female,United States,Nevada,USA
2023-05-17 13:30:10,R_OkC9FH2cCbB5V5v,22-26,Female,United States,UT,US
2023-05-17 13:33:20,R_3m4Qukk0wQesxrg,22-26,Female,United States,UT,USA
2023-05-17 14:24:19,R_3Ibe2trOb7FiVXS,59-64,Female,United States,Utah,United States
2023-05-17 14:30:42,R_ZCVcxGWKt7ObdO9,22-26,Female,United States,Utah,United States
2023-05-17 14:44:24,R_3dFAO2XMBiKgK1D,22-26,Female,United States,Utah,United States
2023-05-17 14:53:03,R_2zzS079NiOhtJci,18-21,Female,United States,Brigham City Utah,USA
2023-05-17 17:18:32,R_1QaNwi03nYoRIvU,18-21,Male,United States,Minnesota,'Merica
2023-05-17 18:03:09,R_Diwge50nwfnCo5b,,,,,
2023-05-17 19:42:35,R_3g8dYX37DBmqsQZ,,,,,
2023-05-17 20:52:47,R_ZluoM0cZ35MSBwZ,22-26,Female,United States,Utah,United States
2023-05-17 22:07:33,R_2sTlr69LkKTVNse,,,,,
2023-05-17 22:20:32,R_3m1v6uSbOXcBw6E,32-36,Female,United States,Utah,United States
2023-05-17 22:56:57,R_D5H1k7Ui77kYnol,,,,,
2023-05-17 23:05:46,R_tXknNNMsoaAksUx,43-49,Female,United States,Utah,USA
2023-05-17 23:25:41,R_1Lo2ktxcVDmz4qL,32-36,Male,United States,Utah,United States
2023-05-18 10:42:28,R_1l6vGbRUCq2YkWS,59-64,Female,United States,Utah,USA
2023-05-18 11:07:00,R_2U3f9qiRHaoqkRj,22-26,Female,United States,Utah,USA
2023-05-18 11:08:16,R_81yBlpgMjHyDTKV,,,,,
2023-05-18 11:24:00,R_z1OOvBuciiCwe2J,18-21,Female,United States,Idaho,USA
2023-05-18 11:42:43,R_1kMLIg4WlB2vI9O,22-26,Female,United States,Wyoming,United States
2023-05-18 18:25:35,R_2RVRgm86MXZmjKI,,,,,
2023-05-18 20:42:16,R_234tKaCyDNqOHT1,,,,,
2023-05-19 12:58:00,R_2BrZtwQrVbhjSvG,22-26,Female,Mexico,Monterrey,Mexico
2023-05-19 14:09:41,R_3I6eYhAINVdUrZv,22-26,Male,United States,"Magna, utah",United States
2023-05-19 15:11:26,R_p0jhfGNdnW3AEMN,37-42,Female,United States,Utah,United States
2023-05-19 18:29:39,R_3fSEnpSIc8N2HoH,22-26,Female,United States,"Lehi, UT",United States
2023-05-19 20:24:17,R_2wTg7Q60fxuklra,32-36,Female,United States,San Diego,United States
2023-05-19 21:20:08,R_1jy4gYqpbEf17cf,22-26,Female,New Zealand,Auckland,New Zeland
2023-05-19 21:48:05,R_1mFaeY0hlGMaCT9,18-21,Female,Monterrey,Mexico,Monterrey
2023-05-19 21:54:32,R_54M9vi5rYYlP5UB,18-21,Female,Mexico,monterrey,mexico
2023-05-19 23:21:05,R_sh4TqHlWU3wwpix,18-21,Female,United States,Minnesota,United states
2023-05-19 23:30:02,R_3r2PkzzYhf6BL0W,22-26,Male,United States,"Salt Lake City, Utah",United States of America
2023-05-20 08:13:35,R_1pQmyzxnNp5l6jV,,,,,
2023-05-20 13:43:25,R_27jrgGw4sERW4aT,18-21,Female,United States,Utah,United States
2023-05-20 14:38:59,R_3JvY9DY52MkhogX,37-42,Male,United States,Utah,United States
2023-05-20 16:03:50,R_25FJr2iQ2z73OW8,37-42,Female,United States,Utah,Usa
2023-05-21 10:16:51,R_3nUFMbdeGkMESOR,78 or older,Female,United States,"Syracuse, Utah",uSA
2023-05-21 10:18:48,R_3nNT7veQ25p0jM9,22-26,Female,Wisconsin,Ladysmith,Wisconsin
2023-05-21 10:27:59,R_3KAW5woHIypkZdz,22-26,Female,Mexico,Mexico city,Mexico
2023-05-25 22:05:34,R_2ci2p92qc5WXP7X,22-26,Female,United States,Utah,United States
2023-05-26 16:33:50,R_sFfCd7t98WtSszT,22-26,Male,United States,"Clearfield, Utah",United States
2023-05-26 18:07:03,R_3PFUPM8Nv3U01VG,22-26,Male,United States,Sandy,USA
2023-05-26 21:32:28,R_Z3hRAoHajwG7OeJ,,,,,
2023-05-26 21:38:22,R_28RS33yu8mgeeQf,18-21,Female,Mexico,Nuevo León,México
